/*
SQLyog Ultimate v8.32 
MySQL - 5.5.49 : Database - rent
*********************************************************************
*/

/*!40101 SET NAMES utf8 */;

/*!40101 SET SQL_MODE=''*/;

/*!40014 SET @OLD_UNIQUE_CHECKS=@@UNIQUE_CHECKS, UNIQUE_CHECKS=0 */;
/*!40014 SET @OLD_FOREIGN_KEY_CHECKS=@@FOREIGN_KEY_CHECKS, FOREIGN_KEY_CHECKS=0 */;
/*!40101 SET @OLD_SQL_MODE=@@SQL_MODE, SQL_MODE='NO_AUTO_VALUE_ON_ZERO' */;
/*!40111 SET @OLD_SQL_NOTES=@@SQL_NOTES, SQL_NOTES=0 */;
CREATE DATABASE /*!32312 IF NOT EXISTS*/`rent` /*!40100 DEFAULT CHARACTER SET utf8 */;

USE `rent`;

/*Table structure for table `attachment` */

DROP TABLE IF EXISTS `attachment`;

CREATE TABLE `attachment` (
  `ID` int(11) NOT NULL AUTO_INCREMENT,
  `NAME` varchar(100) DEFAULT NULL,
  `TYPE` tinyint(4) DEFAULT NULL,
  `MASTER_ID` int(11) NOT NULL,
  `UPLOAD_TIME` datetime DEFAULT NULL,
  `REMARK` varchar(50) DEFAULT NULL,
  PRIMARY KEY (`ID`),
  KEY `FK_attachment` (`MASTER_ID`),
  CONSTRAINT `FK_attachment` FOREIGN KEY (`MASTER_ID`) REFERENCES `prh_master` (`ID`)
) ENGINE=InnoDB DEFAULT CHARSET=utf8;

/*Data for the table `attachment` */

/*Table structure for table `building` */

DROP TABLE IF EXISTS `building`;

CREATE TABLE `building` (
  `ID` varchar(50) NOT NULL,
  `NAME` varchar(50) DEFAULT NULL,
  `BUILDINGNOCODE` text,
  `ESTATE_ID` int(11) DEFAULT NULL,
  `REMARK` varchar(50) DEFAULT NULL,
  `POSITION_X` int(11) DEFAULT NULL,
  `POSITION_Y` int(11) DEFAULT NULL,
  PRIMARY KEY (`ID`),
  KEY `FK_building` (`ESTATE_ID`),
  CONSTRAINT `FK_building` FOREIGN KEY (`ESTATE_ID`) REFERENCES `estate` (`ID`)
) ENGINE=InnoDB DEFAULT CHARSET=utf8;

/*Data for the table `building` */

insert  into `building`(`ID`,`NAME`,`BUILDINGNOCODE`,`ESTATE_ID`,`REMARK`,`POSITION_X`,`POSITION_Y`) values ('1-1','1','1单元、2单元、3单元、4单元、5单元、6单元、7单元、8单元',1,NULL,NULL,NULL);

/*Table structure for table `building_floor` */

DROP TABLE IF EXISTS `building_floor`;

CREATE TABLE `building_floor` (
  `ID` int(11) NOT NULL AUTO_INCREMENT,
  `NAME` varchar(50) DEFAULT NULL,
  `ENGLISH_NAME` varchar(50) DEFAULT NULL,
  `REMARK` varchar(50) DEFAULT NULL,
  PRIMARY KEY (`ID`)
) ENGINE=InnoDB AUTO_INCREMENT=9 DEFAULT CHARSET=utf8;

/*Data for the table `building_floor` */

insert  into `building_floor`(`ID`,`NAME`,`ENGLISH_NAME`,`REMARK`) values (1,'1层','1 Floor',NULL),(2,'2层','2 Floor',NULL),(3,'3层','3 Floor',NULL),(4,'4层','4 Floor',NULL),(5,'5层','5 Floor',NULL),(6,'6层','6 Floor',NULL),(7,'7层','7 Floor',NULL),(8,'8层','8 Floor',NULL);

/*Table structure for table `building_no` */

DROP TABLE IF EXISTS `building_no`;

CREATE TABLE `building_no` (
  `ID` varchar(50) NOT NULL,
  `NAME` varchar(50) DEFAULT NULL,
  `BUILDING_ID` varchar(50) DEFAULT NULL,
  `DESCRIPT` varchar(50) DEFAULT NULL,
  `ESTATE_ID` int(11) DEFAULT NULL,
  `MONTH_PAY` decimal(8,2) DEFAULT NULL,
  `REMARK` varchar(50) DEFAULT NULL,
  `BUILDINGID` varchar(20) DEFAULT NULL,
  PRIMARY KEY (`ID`),
  KEY `FK_building_no` (`ESTATE_ID`),
  CONSTRAINT `FK_building_no` FOREIGN KEY (`ESTATE_ID`) REFERENCES `estate` (`ID`)
) ENGINE=InnoDB DEFAULT CHARSET=utf8;

/*Data for the table `building_no` */

insert  into `building_no`(`ID`,`NAME`,`BUILDING_ID`,`DESCRIPT`,`ESTATE_ID`,`MONTH_PAY`,`REMARK`,`BUILDINGID`) values ('1-1-1','11单元','1',NULL,1,NULL,NULL,NULL),('1-1-2','12单元','1',NULL,1,NULL,NULL,NULL),('1-1-3','13单元','1',NULL,1,NULL,NULL,NULL),('1-1-4','14单元','1',NULL,1,NULL,NULL,NULL),('1-1-5','15单元','1',NULL,1,NULL,NULL,NULL),('1-1-6','16单元','1',NULL,1,NULL,NULL,NULL),('1-1-7','17单元','1',NULL,1,NULL,NULL,NULL),('1-1-8','18单元','1',NULL,1,NULL,NULL,NULL);

/*Table structure for table `card` */

DROP TABLE IF EXISTS `card`;

CREATE TABLE `card` (
  `ID` int(11) NOT NULL AUTO_INCREMENT,
  `MASTER_ID` int(11) DEFAULT NULL,
  `LINK_ID` int(11) DEFAULT NULL,
  `STATE` int(11) DEFAULT NULL,
  `CREATEUSER` varchar(30) DEFAULT NULL,
  `CREATETIME` datetime DEFAULT NULL,
  `UPDATEUSER` varchar(30) DEFAULT NULL,
  `UPDATETIME` datetime DEFAULT NULL,
  `TYPE` int(11) DEFAULT NULL,
  `IDEN_PWD` varchar(50) DEFAULT NULL,
  `OLD_CARD_ID` int(11) DEFAULT NULL,
  PRIMARY KEY (`ID`)
) ENGINE=InnoDB DEFAULT CHARSET=utf8;

/*Data for the table `card` */

/*Table structure for table `doorlockuser` */

DROP TABLE IF EXISTS `doorlockuser`;

CREATE TABLE `doorlockuser` (
  `doorlockuserid` int(9) NOT NULL AUTO_INCREMENT,
  `usertype` int(9) NOT NULL,
  `usercode` int(9) NOT NULL,
  `username` varchar(30) DEFAULT NULL,
  `phonenumber` varchar(30) DEFAULT NULL,
  `password` varchar(2048) NOT NULL,
  `validfrom` datetime NOT NULL,
  `validthrough` datetime NOT NULL,
  `createtime` datetime NOT NULL,
  `weekday` int(9) DEFAULT NULL,
  `starttime` varchar(30) DEFAULT NULL,
  `endtime` varchar(30) DEFAULT NULL,
  `houseid` int(9) NOT NULL,
  `masterid` int(9) NOT NULL,
  `deviceid` varchar(30) NOT NULL,
  `status` int(9) NOT NULL,
  `synstatus` int(9) NOT NULL,
  `receipt` varchar(30) NOT NULL,
  `guestno` varchar(60) NOT NULL,
  `reason` varchar(128) DEFAULT NULL COMMENT '修改有效期原因',
  PRIMARY KEY (`doorlockuserid`)
) ENGINE=InnoDB AUTO_INCREMENT=19 DEFAULT CHARSET=utf8;

/*Data for the table `doorlockuser` */

insert  into `doorlockuser`(`doorlockuserid`,`usertype`,`usercode`,`username`,`phonenumber`,`password`,`validfrom`,`validthrough`,`createtime`,`weekday`,`starttime`,`endtime`,`houseid`,`masterid`,`deviceid`,`status`,`synstatus`,`receipt`,`guestno`,`reason`) values (12,1,10,'Jerry Lee','15845645656','233233','2019-03-19 00:00:00','2019-06-17 23:59:00','2019-03-20 09:56:12',NULL,NULL,NULL,5,5,'iRemote2005100002115',1,1,'nblock-1553049730044','e38ba830-0855-48c4-83af-3e115888cd33',''),(13,3,12,'Jerry Lee','15845645656','CA376F00','2019-03-20 00:00:00','2019-04-17 23:59:00','2019-03-20 09:56:13',NULL,NULL,NULL,5,5,'iRemote2005100002115',9,1,'nblock-1553047122074','e38ba830-0855-48c4-83af-3e115888cd33','想删就删，不需要理由'),(14,3,13,'Jerry Lee','15845645656','CA376F00','2019-03-20 00:00:00','2019-04-17 23:59:00','2019-03-20 10:02:42',NULL,NULL,NULL,5,5,'iRemote2005100002115',9,1,'nblock-1553047455067','e38ba830-0855-48c4-83af-3e115888cd33','想删就删，不需要理由'),(15,3,13,'Jerry Lee','15845645656','CA376F00','2019-03-19 00:00:00','2019-06-17 23:59:00','2019-03-20 10:05:00',NULL,NULL,NULL,5,5,'iRemote2005100002115',9,1,'nblock-1553062132813','e38ba830-0855-48c4-83af-3e115888cd33','想删就删，不需要理由???'),(16,1,11,'sdf?','12945641232','386386','2019-03-20 00:00:00','2019-04-17 23:59:00','2019-03-20 10:21:20',NULL,NULL,NULL,5,5,'iRemote2005100002115',9,1,'nblock-1553048638782','03181928415860001','想删就删，不需要理由'),(17,1,11,'老猪','15812345678','333333','2019-03-20 00:00:00','2019-03-21 23:59:00','2019-03-20 14:15:50',NULL,NULL,NULL,5,6,'iRemote2005100002115',1,1,'nblock-1553062892071','ce78f849-5382-4c4b-97ab-1c6bab092fa3',''),(18,3,13,'老猪','15812345678','CA376F00','2019-03-20 00:00:00','2019-03-21 23:59:00','2019-03-20 14:15:51',NULL,NULL,NULL,5,6,'iRemote2005100002115',1,1,'nblock-1553062892152','ce78f849-5382-4c4b-97ab-1c6bab092fa3','');

/*Table structure for table `equipment` */

DROP TABLE IF EXISTS `equipment`;

CREATE TABLE `equipment` (
  `ID` double NOT NULL AUTO_INCREMENT,
  `NAME` varchar(30) DEFAULT NULL,
  `PRICE` double NOT NULL,
  `TYPE` double DEFAULT NULL,
  PRIMARY KEY (`ID`)
) ENGINE=InnoDB AUTO_INCREMENT=65 DEFAULT CHARSET=utf8;

/*Data for the table `equipment` */

insert  into `equipment`(`ID`,`NAME`,`PRICE`,`TYPE`) values (63,'空调',2000,2),(64,'钥匙',25,1);

/*Table structure for table `estate` */

DROP TABLE IF EXISTS `estate`;

CREATE TABLE `estate` (
  `ID` int(11) NOT NULL AUTO_INCREMENT,
  `NAME` varchar(50) DEFAULT NULL,
  `TYPE_ID` int(11) DEFAULT NULL,
  `ADDRESS` varchar(50) DEFAULT NULL,
  `REMARK` varchar(100) DEFAULT NULL,
  `PRICE` decimal(8,2) DEFAULT NULL,
  `AUTHOR_CODE` varchar(30) DEFAULT NULL,
  `PHONE` varchar(20) DEFAULT NULL,
  `MAP_PIC` varchar(200) DEFAULT NULL,
  PRIMARY KEY (`ID`),
  KEY `FK_estate` (`TYPE_ID`),
  CONSTRAINT `FK_estate` FOREIGN KEY (`TYPE_ID`) REFERENCES `estate_type` (`ID`)
) ENGINE=InnoDB AUTO_INCREMENT=2 DEFAULT CHARSET=utf8;

/*Data for the table `estate` */

insert  into `estate`(`ID`,`NAME`,`TYPE_ID`,`ADDRESS`,`REMARK`,`PRICE`,`AUTHOR_CODE`,`PHONE`,`MAP_PIC`) values (1,'本地物业',1,'80 Shield Court','',NULL,'031809400452600001669186','9054151234',NULL);

/*Table structure for table `estate_type` */

DROP TABLE IF EXISTS `estate_type`;

CREATE TABLE `estate_type` (
  `ID` int(11) NOT NULL AUTO_INCREMENT,
  `NAME` varchar(50) DEFAULT NULL,
  PRIMARY KEY (`ID`)
) ENGINE=InnoDB AUTO_INCREMENT=4 DEFAULT CHARSET=utf8;

/*Data for the table `estate_type` */

insert  into `estate_type`(`ID`,`NAME`) values (1,'公租'),(2,'廉租房'),(3,'限价房');

/*Table structure for table `history_iden_pwd` */

DROP TABLE IF EXISTS `history_iden_pwd`;

CREATE TABLE `history_iden_pwd` (
  `ID` int(11) NOT NULL AUTO_INCREMENT,
  `MASTER_ID` int(11) NOT NULL,
  `LINK_ID` int(11) DEFAULT NULL,
  `IDEN_PWD` varchar(50) DEFAULT NULL,
  `CREATE_USER` int(11) DEFAULT NULL,
  `CREATE_TIME` datetime DEFAULT NULL,
  PRIMARY KEY (`ID`)
) ENGINE=InnoDB DEFAULT CHARSET=utf8;

/*Data for the table `history_iden_pwd` */

/*Table structure for table `house_space` */

DROP TABLE IF EXISTS `house_space`;

CREATE TABLE `house_space` (
  `ID` int(11) NOT NULL AUTO_INCREMENT,
  `HOUSE_ID` int(11) NOT NULL,
  `BEGIN_DATE` datetime DEFAULT NULL,
  `END_DATE` datetime DEFAULT NULL,
  PRIMARY KEY (`ID`),
  KEY `FK_house_space` (`HOUSE_ID`),
  CONSTRAINT `FK_house_space` FOREIGN KEY (`HOUSE_ID`) REFERENCES `pr_house` (`ID`)
) ENGINE=InnoDB AUTO_INCREMENT=2 DEFAULT CHARSET=utf8;

/*Data for the table `house_space` */

insert  into `house_space`(`ID`,`HOUSE_ID`,`BEGIN_DATE`,`END_DATE`) values (1,5,'2019-03-20 00:00:00',NULL);

/*Table structure for table `module` */

DROP TABLE IF EXISTS `module`;

CREATE TABLE `module` (
  `ID` int(11) NOT NULL AUTO_INCREMENT,
  `NAME` varchar(20) DEFAULT NULL,
  `MENU_ID` int(11) DEFAULT NULL,
  `PID` int(11) DEFAULT NULL,
  `LEVELS` int(11) DEFAULT NULL,
  `CREATEUSER` varchar(30) DEFAULT NULL,
  `CREATETIME` datetime DEFAULT NULL,
  `UPDATEUSER` varchar(30) DEFAULT NULL,
  `UPDATETIME` datetime DEFAULT NULL,
  PRIMARY KEY (`ID`)
) ENGINE=InnoDB AUTO_INCREMENT=110 DEFAULT CHARSET=utf8;

/*Data for the table `module` */

insert  into `module`(`ID`,`NAME`,`MENU_ID`,`PID`,`LEVELS`,`CREATEUSER`,`CREATETIME`,`UPDATEUSER`,`UPDATETIME`) values (1,'全部',NULL,NULL,0,NULL,NULL,NULL,NULL),(2,'房源管理',2,0,1,NULL,NULL,NULL,NULL),(3,'租户管理',3,0,1,NULL,NULL,NULL,NULL),(4,'解约退租管理',6,0,1,NULL,NULL,NULL,NULL),(5,'档案管理',5,0,1,NULL,NULL,NULL,NULL),(6,'财务收费',34,0,1,NULL,NULL,NULL,NULL),(7,'台账',1,0,1,NULL,NULL,NULL,NULL),(8,'报修管理',8,0,1,NULL,NULL,NULL,NULL),(9,'房源信息',32,2,2,NULL,NULL,NULL,NULL),(10,'入住受理',15,3,2,NULL,NULL,NULL,NULL),(11,'业务记录管理',62,3,2,NULL,NULL,NULL,NULL),(12,'续租管理',63,3,2,NULL,NULL,NULL,NULL),(13,'门锁用户管理',81,3,2,NULL,NULL,NULL,NULL),(14,'打印合同',NULL,11,3,NULL,NULL,NULL,NULL),(16,'修改',NULL,11,3,NULL,NULL,NULL,NULL),(17,'删除',NULL,11,3,NULL,NULL,NULL,NULL),(18,'续租申请',NULL,12,3,NULL,NULL,NULL,NULL),(20,'修改',NULL,12,3,NULL,NULL,NULL,NULL),(21,'删除',NULL,12,3,NULL,NULL,NULL,NULL),(22,'门锁用户管理',NULL,13,3,NULL,NULL,NULL,NULL),(26,'单位档案',16,5,2,NULL,NULL,NULL,NULL),(27,'房源档案',17,5,2,NULL,NULL,NULL,NULL),(28,'租户档案',18,5,2,NULL,NULL,NULL,NULL),(29,'日常合同扣租',35,6,2,NULL,NULL,NULL,NULL),(30,'租金核算',36,6,2,NULL,NULL,NULL,NULL),(31,'退租结算清账',37,6,2,NULL,NULL,NULL,NULL),(32,'租金调整审核',38,6,2,NULL,NULL,NULL,NULL),(33,'台账',66,7,2,NULL,NULL,NULL,NULL),(34,'退租/验房',33,4,2,NULL,NULL,NULL,NULL),(35,'申请退租',NULL,34,3,NULL,NULL,NULL,NULL),(36,'确认退租',NULL,34,3,NULL,NULL,NULL,NULL),(37,'打印单据',NULL,34,3,NULL,NULL,NULL,NULL),(38,'报修申请',NULL,34,3,NULL,NULL,NULL,NULL),(39,'修改',NULL,34,3,NULL,NULL,NULL,NULL),(40,'删除',NULL,34,3,NULL,NULL,NULL,NULL),(41,'单位租户明细',NULL,26,3,NULL,NULL,NULL,NULL),(42,'查看房间历史租户',NULL,27,3,NULL,NULL,NULL,NULL),(43,'查看配套设备',NULL,27,3,NULL,NULL,NULL,NULL),(45,'批量添加设备(模板)',NULL,27,3,NULL,NULL,NULL,NULL),(46,'结算',NULL,29,3,NULL,NULL,NULL,NULL),(47,'核算',NULL,30,3,NULL,NULL,NULL,NULL),(48,'退租结算',NULL,31,3,NULL,NULL,NULL,NULL),(49,'复选调价',NULL,32,3,NULL,NULL,NULL,NULL),(50,'批量调价',NULL,32,3,NULL,NULL,NULL,NULL),(51,'报修登记',11,8,2,NULL,NULL,NULL,NULL),(52,'现场查验',12,8,2,NULL,NULL,NULL,NULL),(53,'报修管理',13,8,2,NULL,NULL,NULL,NULL),(54,'报修申请',NULL,51,3,NULL,NULL,NULL,NULL),(55,'现场查验',NULL,52,3,NULL,NULL,NULL,NULL),(56,'打印单据',NULL,52,3,NULL,NULL,NULL,NULL),(57,'提交维修方',NULL,53,3,NULL,NULL,NULL,NULL),(58,'打印交办单',NULL,53,3,NULL,NULL,NULL,NULL),(59,'验收',NULL,53,3,NULL,NULL,NULL,NULL),(60,'打印单据',NULL,53,3,NULL,NULL,NULL,NULL),(61,'第三方维修',NULL,-1,1,NULL,NULL,NULL,NULL),(62,'第三方维修',NULL,61,2,NULL,NULL,NULL,NULL),(63,'维修中',NULL,62,3,NULL,NULL,NULL,NULL),(64,'维修完成',NULL,62,3,NULL,NULL,NULL,NULL),(65,'入住登记',NULL,10,3,NULL,NULL,NULL,NULL),(66,'租户信息查看',NULL,10,3,NULL,NULL,NULL,NULL),(67,'电子附件',NULL,11,3,NULL,NULL,NULL,NULL),(68,'修改',NULL,109,3,NULL,NULL,NULL,NULL),(69,'删除附件',NULL,11,3,NULL,NULL,NULL,NULL),(70,'上传',NULL,11,3,NULL,NULL,NULL,NULL),(76,'打印合同',NULL,12,3,NULL,NULL,NULL,NULL),(77,'报表统计',101,0,1,NULL,NULL,NULL,NULL),(78,'日报表',102,77,2,NULL,NULL,NULL,NULL),(79,'月报表',103,77,2,NULL,NULL,NULL,NULL),(80,'租户统计',104,77,2,NULL,NULL,NULL,NULL),(81,'查看租户信息',NULL,11,3,NULL,NULL,NULL,NULL),(100,'新增',NULL,9,3,NULL,NULL,NULL,NULL),(101,'修改',NULL,9,3,NULL,NULL,NULL,NULL),(102,'删除',NULL,9,3,NULL,NULL,NULL,NULL),(103,'批量导入',NULL,9,3,NULL,NULL,NULL,NULL),(104,'锁定',NULL,9,3,NULL,NULL,NULL,NULL),(105,'解锁',NULL,9,3,NULL,NULL,NULL,NULL),(107,'作废',NULL,29,3,NULL,NULL,NULL,NULL),(109,'门锁管理',105,2,2,NULL,NULL,NULL,NULL);

/*Table structure for table `payment_code` */

DROP TABLE IF EXISTS `payment_code`;

CREATE TABLE `payment_code` (
  `ID` int(11) NOT NULL AUTO_INCREMENT,
  `NAME` varchar(50) DEFAULT NULL,
  `group` varchar(50) DEFAULT NULL,
  `IS_PAY` varchar(50) DEFAULT NULL,
  `PAY` decimal(8,2) DEFAULT NULL,
  PRIMARY KEY (`ID`)
) ENGINE=InnoDB DEFAULT CHARSET=utf8;

/*Data for the table `payment_code` */

/*Table structure for table `pr_house` */

DROP TABLE IF EXISTS `pr_house`;

CREATE TABLE `pr_house` (
  `ID` int(11) NOT NULL AUTO_INCREMENT,
  `NO` varchar(50) DEFAULT NULL,
  `ESTATE_ID` int(11) DEFAULT NULL,
  `BUILDING_NO_ID` varchar(50) DEFAULT NULL,
  `ROOM_NO` varchar(50) DEFAULT NULL,
  `ROOM_NO_ID` int(11) DEFAULT NULL,
  `BUILDING_FLOOR_ID` int(11) DEFAULT NULL,
  `ROOM_TYPE_ID` int(11) DEFAULT NULL,
  `AREA` decimal(8,2) DEFAULT NULL,
  `ROOM_NUM` int(11) DEFAULT NULL,
  `PRICE` decimal(8,2) DEFAULT NULL,
  `MONTH_PRICE` decimal(8,2) DEFAULT NULL,
  `BACK_PRICE` int(8) DEFAULT NULL,
  `CHEAP_PRICE` decimal(8,3) DEFAULT NULL,
  `STATE` tinyint(4) DEFAULT NULL,
  `REMARK` varchar(100) DEFAULT NULL,
  `MASTER_ID` int(11) DEFAULT NULL,
  `HOUSE_CODE` varchar(10) DEFAULT NULL,
  `RENTMOD` decimal(8,2) DEFAULT NULL,
  `MODDATE` datetime DEFAULT NULL,
  `DECDATE` datetime DEFAULT NULL,
  `DECMAN` varchar(50) DEFAULT NULL,
  `REASON` varchar(100) DEFAULT NULL,
  `CREATEUSER` varchar(30) DEFAULT NULL,
  `CREATETIME` datetime DEFAULT NULL,
  `UPDATEUSER` varchar(30) DEFAULT NULL,
  `UPDATETIME` datetime DEFAULT NULL,
  `ORIGINSTATE` tinyint(4) DEFAULT NULL,
  `IS_TUI` varchar(2) DEFAULT NULL,
  `ASSOCIATEDLOCK` varchar(60) DEFAULT NULL,
  PRIMARY KEY (`ID`),
  KEY `FK_pr_house` (`ROOM_TYPE_ID`),
  KEY `FK_pr_house1` (`ESTATE_ID`),
  KEY `FK_pr_house2` (`BUILDING_NO_ID`),
  KEY `FK_pr_house3` (`BUILDING_FLOOR_ID`),
  CONSTRAINT `FK_pr_house` FOREIGN KEY (`ROOM_TYPE_ID`) REFERENCES `room_type` (`ID`),
  CONSTRAINT `FK_pr_house1` FOREIGN KEY (`ESTATE_ID`) REFERENCES `estate` (`ID`),
  CONSTRAINT `FK_pr_house2` FOREIGN KEY (`BUILDING_NO_ID`) REFERENCES `building_no` (`ID`),
  CONSTRAINT `FK_pr_house3` FOREIGN KEY (`BUILDING_FLOOR_ID`) REFERENCES `building_floor` (`ID`)
) ENGINE=InnoDB AUTO_INCREMENT=6 DEFAULT CHARSET=utf8;

/*Data for the table `pr_house` */

insert  into `pr_house`(`ID`,`NO`,`ESTATE_ID`,`BUILDING_NO_ID`,`ROOM_NO`,`ROOM_NO_ID`,`BUILDING_FLOOR_ID`,`ROOM_TYPE_ID`,`AREA`,`ROOM_NUM`,`PRICE`,`MONTH_PRICE`,`BACK_PRICE`,`CHEAP_PRICE`,`STATE`,`REMARK`,`MASTER_ID`,`HOUSE_CODE`,`RENTMOD`,`MODDATE`,`DECDATE`,`DECMAN`,`REASON`,`CREATEUSER`,`CREATETIME`,`UPDATEUSER`,`UPDATETIME`,`ORIGINSTATE`,`IS_TUI`,`ASSOCIATEDLOCK`) values (1,'1-1-1-101',1,'1-1-1','101',1,1,664,'120.00',2,NULL,'3000.00',1,NULL,5,'',1,'0000000001',NULL,NULL,NULL,NULL,NULL,NULL,NULL,'1','2019-03-18 00:00:00',NULL,NULL,''),(2,'1-1-1-102',1,'1-1-1','102',2,1,664,'120.00',2,NULL,'3000.00',2,NULL,5,'',2,'0000000002',NULL,NULL,NULL,NULL,NULL,NULL,NULL,'1','2019-03-18 00:00:00',NULL,NULL,''),(3,'1-1-1-103',1,'1-1-1','103',3,1,664,'120.00',2,NULL,'3000.00',3,NULL,5,'',3,'0000000003',NULL,NULL,NULL,NULL,NULL,NULL,NULL,'1','2019-03-18 00:00:00',NULL,NULL,''),(4,'1-1-1-105',1,'1-1-1','105',5,1,664,'120.00',2,NULL,'3000.00',5,NULL,5,'',4,'0000000004',NULL,NULL,NULL,NULL,NULL,NULL,NULL,'1','2019-03-18 00:00:00',NULL,NULL,''),(5,'1-1-1-106',1,'1-1-1','106',6,1,664,'120.00',2,NULL,'1500.00',1,NULL,5,'又有人来租了',6,'0000000005',NULL,NULL,NULL,NULL,NULL,NULL,NULL,'1','2019-03-20 00:00:00',NULL,NULL,'iRemote2005100002115');

/*Table structure for table `prh_linkman` */

DROP TABLE IF EXISTS `prh_linkman`;

CREATE TABLE `prh_linkman` (
  `ID` int(11) NOT NULL AUTO_INCREMENT,
  `MASTER_ID` int(11) DEFAULT NULL,
  `GUESTNO` varchar(100) DEFAULT NULL,
  `FLAG` varchar(1) DEFAULT 'F',
  `LINK` varchar(10) DEFAULT NULL,
  `ARRDATE` timestamp NOT NULL DEFAULT CURRENT_TIMESTAMP,
  `REFER` varchar(50) DEFAULT NULL,
  `STA` varchar(1) DEFAULT NULL,
  `DEPDATE` datetime DEFAULT NULL,
  `ARRFILENO` varchar(20) DEFAULT NULL,
  `DEPFILENO` varchar(20) DEFAULT NULL,
  `HOME` int(11) DEFAULT '0',
  `HOMES` int(11) DEFAULT '1',
  `SUBSIDY_TYPE_ID` int(11) DEFAULT NULL,
  `DEL` tinyint(4) DEFAULT NULL,
  `ADDTIME` datetime DEFAULT NULL,
  `DELTIME` datetime DEFAULT NULL,
  `PHOTO` varchar(200) DEFAULT NULL,
  PRIMARY KEY (`ID`)
) ENGINE=InnoDB AUTO_INCREMENT=3 DEFAULT CHARSET=utf8;

/*Data for the table `prh_linkman` */

insert  into `prh_linkman`(`ID`,`MASTER_ID`,`GUESTNO`,`FLAG`,`LINK`,`ARRDATE`,`REFER`,`STA`,`DEPDATE`,`ARRFILENO`,`DEPFILENO`,`HOME`,`HOMES`,`SUBSIDY_TYPE_ID`,`DEL`,`ADDTIME`,`DELTIME`,`PHOTO`) values (1,5,'03181922136630000',NULL,'','2019-03-18 19:22:13',NULL,NULL,NULL,NULL,NULL,NULL,NULL,-1,NULL,'2019-03-18 19:22:13',NULL,NULL),(2,6,'03201412367070000',NULL,'','2019-03-20 14:12:36',NULL,NULL,NULL,NULL,NULL,NULL,NULL,-1,NULL,'2019-03-20 14:12:36',NULL,NULL);

/*Table structure for table `prh_master` */

DROP TABLE IF EXISTS `prh_master`;

CREATE TABLE `prh_master` (
  `ID` int(11) NOT NULL AUTO_INCREMENT,
  `ORG_ID` varchar(3) DEFAULT NULL,
  `GUEST_NO` varchar(100) DEFAULT NULL,
  `HOUSE_ID` int(11) DEFAULT NULL,
  `STA` varchar(1) DEFAULT NULL,
  `TYPE` varchar(10) DEFAULT NULL,
  `SRC` varchar(3) DEFAULT NULL,
  `FILE_NO` varchar(20) DEFAULT NULL,
  `BDATE` datetime DEFAULT NULL,
  `EDATE` datetime DEFAULT NULL,
  `RATE` decimal(8,2) DEFAULT '0.00',
  `SETRATE` decimal(8,2) DEFAULT '0.00',
  `REASON` varchar(50) DEFAULT NULL,
  `NUMBS` int(11) DEFAULT '1',
  `ARRTIME` datetime DEFAULT NULL,
  `DEP` datetime DEFAULT NULL,
  `ARR1` datetime DEFAULT NULL,
  `DEP1` datetime DEFAULT NULL,
  `DEPOSIT` decimal(8,2) DEFAULT '0.00',
  `RENT_CODE` int(11) DEFAULT NULL,
  `RENT_DATE` datetime DEFAULT NULL,
  `REMARK` varchar(100) DEFAULT NULL,
  `PAYMENT` decimal(8,2) DEFAULT '0.00',
  `EXPEND` decimal(8,2) DEFAULT '0.00',
  `CRT` varchar(50) DEFAULT NULL,
  `CRTTIME` datetime DEFAULT NULL,
  `RES` varchar(10) DEFAULT NULL,
  `RESTIME` datetime DEFAULT NULL,
  `CON` varchar(50) DEFAULT NULL,
  `CONTIME` datetime DEFAULT NULL,
  `CI` varchar(50) DEFAULT NULL,
  `CITIME` datetime DEFAULT NULL,
  `CO` varchar(50) DEFAULT NULL,
  `COTIME` datetime DEFAULT NULL,
  `LOGID` varchar(10) DEFAULT NULL,
  `LOG_NAME` varchar(20) DEFAULT NULL,
  `LOG_DATE` timestamp NOT NULL DEFAULT CURRENT_TIMESTAMP,
  `LOG_MARK` int(11) DEFAULT '0',
  `BANK_FLAG` varchar(1) DEFAULT 'F',
  `BANK` varchar(5) DEFAULT NULL,
  `BANK_NO` varchar(20) DEFAULT NULL,
  `DEP_FLAG` varchar(1) DEFAULT 'F',
  `DEP_APPLY` datetime DEFAULT NULL,
  `DEP_FILE_NO` varchar(20) DEFAULT NULL,
  `REL_FLAG` varchar(1) DEFAULT 'F',
  `RELID` varchar(10) DEFAULT NULL,
  `REL_DATE` datetime DEFAULT NULL,
  `REFER1` varchar(100) DEFAULT NULL,
  `REFER2` varchar(100) DEFAULT NULL,
  `REFER3` varchar(100) DEFAULT NULL,
  `REFER4` varchar(100) DEFAULT NULL,
  `BDATE2` datetime DEFAULT NULL,
  `CUSNO` varchar(50) DEFAULT NULL,
  `PRCODE` varchar(1) DEFAULT 'F',
  `PDCODE` varchar(1) DEFAULT 'F',
  `LOG_UPDATE` datetime DEFAULT NULL,
  `BANK_REF` varchar(80) DEFAULT NULL,
  `TAG1` varchar(30) DEFAULT NULL,
  `TAG2` varchar(30) DEFAULT NULL,
  `TAG3` varchar(30) DEFAULT NULL,
  `TAG4` varchar(30) DEFAULT NULL,
  `PIC_IDENTITY` varchar(200) DEFAULT NULL,
  `PIC_PHOTO` varchar(200) DEFAULT NULL,
  `PHYSICS_CARD_ID` varchar(50) DEFAULT NULL,
  `DOOR_LOCK` varchar(50) DEFAULT NULL,
  `UPDATE_TIME` datetime DEFAULT NULL,
  `UPDATE_USER` int(11) DEFAULT NULL,
  `SUBSIDY_TYPE_ID` int(11) DEFAULT NULL,
  `OLD_MASTER_ID` int(11) DEFAULT NULL,
  `NEW_MASTER_ID` int(11) DEFAULT NULL,
  `CREATEUSER` varchar(30) DEFAULT NULL,
  `CREATETIME` datetime DEFAULT NULL,
  `TUIMONEY` decimal(8,2) DEFAULT NULL,
  `TUIDATE` datetime DEFAULT NULL,
  `TUIDESPOSIT` decimal(8,2) DEFAULT NULL,
  `COLLECT_MONEY` decimal(8,2) DEFAULT NULL,
  `BATCH` varchar(50) DEFAULT NULL,
  PRIMARY KEY (`ID`),
  KEY `FK_prh_master1` (`GUEST_NO`),
  KEY `SUBSIDY_TYPE_ID` (`SUBSIDY_TYPE_ID`),
  KEY `FK_prh_master` (`RENT_CODE`),
  KEY `FK_prh_master2` (`HOUSE_ID`),
  CONSTRAINT `FK_prh_master` FOREIGN KEY (`RENT_CODE`) REFERENCES `rent_pay_way` (`ID`),
  CONSTRAINT `FK_prh_master1` FOREIGN KEY (`GUEST_NO`) REFERENCES `profile` (`guestno`),
  CONSTRAINT `FK_prh_master2` FOREIGN KEY (`HOUSE_ID`) REFERENCES `pr_house` (`ID`),
  CONSTRAINT `prh_master_ibfk_1` FOREIGN KEY (`SUBSIDY_TYPE_ID`) REFERENCES `subsidy_type` (`ID`)
) ENGINE=InnoDB AUTO_INCREMENT=7 DEFAULT CHARSET=utf8;

/*Data for the table `prh_master` */

insert  into `prh_master`(`ID`,`ORG_ID`,`GUEST_NO`,`HOUSE_ID`,`STA`,`TYPE`,`SRC`,`FILE_NO`,`BDATE`,`EDATE`,`RATE`,`SETRATE`,`REASON`,`NUMBS`,`ARRTIME`,`DEP`,`ARR1`,`DEP1`,`DEPOSIT`,`RENT_CODE`,`RENT_DATE`,`REMARK`,`PAYMENT`,`EXPEND`,`CRT`,`CRTTIME`,`RES`,`RESTIME`,`CON`,`CONTIME`,`CI`,`CITIME`,`CO`,`COTIME`,`LOGID`,`LOG_NAME`,`LOG_DATE`,`LOG_MARK`,`BANK_FLAG`,`BANK`,`BANK_NO`,`DEP_FLAG`,`DEP_APPLY`,`DEP_FILE_NO`,`REL_FLAG`,`RELID`,`REL_DATE`,`REFER1`,`REFER2`,`REFER3`,`REFER4`,`BDATE2`,`CUSNO`,`PRCODE`,`PDCODE`,`LOG_UPDATE`,`BANK_REF`,`TAG1`,`TAG2`,`TAG3`,`TAG4`,`PIC_IDENTITY`,`PIC_PHOTO`,`PHYSICS_CARD_ID`,`DOOR_LOCK`,`UPDATE_TIME`,`UPDATE_USER`,`SUBSIDY_TYPE_ID`,`OLD_MASTER_ID`,`NEW_MASTER_ID`,`CREATEUSER`,`CREATETIME`,`TUIMONEY`,`TUIDATE`,`TUIDESPOSIT`,`COLLECT_MONEY`,`BATCH`) values (1,NULL,'89758082-8585-4512-afbb-5658636f3870',1,'1',NULL,NULL,NULL,'2019-03-18 00:00:00','2020-03-17 00:00:00','3000.00','0.00',NULL,1,NULL,NULL,NULL,'2019-03-18 00:00:00','6000.00',223,'2020-03-17 00:00:00',NULL,NULL,NULL,NULL,NULL,NULL,NULL,NULL,NULL,NULL,NULL,NULL,NULL,NULL,NULL,'2019-03-18 00:00:00',NULL,NULL,NULL,'','0',NULL,NULL,NULL,NULL,NULL,'1',NULL,NULL,NULL,NULL,NULL,NULL,NULL,NULL,NULL,'45676545','3W.WWW','','','','',NULL,NULL,NULL,NULL,NULL,NULL,NULL,'1','2019-03-18 00:00:00',NULL,NULL,NULL,NULL,'sdf'),(2,NULL,'f651c58a-fa1a-4ab3-9797-a415b28b62b5',2,'1',NULL,NULL,NULL,'2019-03-18 00:00:00','2020-03-17 00:00:00','3000.00','0.00',NULL,1,NULL,NULL,NULL,'2019-03-18 00:00:00','6000.00',223,'2020-03-17 00:00:00',NULL,NULL,NULL,NULL,NULL,NULL,NULL,NULL,NULL,NULL,NULL,NULL,NULL,NULL,NULL,'2019-03-18 00:00:00',NULL,NULL,NULL,'','0',NULL,NULL,NULL,NULL,NULL,'',NULL,NULL,NULL,NULL,NULL,NULL,NULL,NULL,NULL,'002','3W.WWW4','','','','',NULL,NULL,NULL,NULL,NULL,NULL,NULL,'1','2019-03-18 00:00:00',NULL,NULL,NULL,NULL,'2'),(3,NULL,'7721b7fd-7c03-4b68-b7cb-57625b4459c2',3,'1',NULL,NULL,NULL,'2019-03-18 00:00:00','2020-03-17 00:00:00','3000.00','0.00',NULL,1,NULL,NULL,NULL,'2019-03-18 00:00:00','6000.00',223,'2020-03-17 00:00:00',NULL,NULL,NULL,NULL,NULL,NULL,NULL,NULL,NULL,NULL,NULL,NULL,NULL,NULL,NULL,'2019-03-18 00:00:00',NULL,NULL,NULL,'','0',NULL,NULL,NULL,NULL,NULL,'',NULL,NULL,NULL,NULL,NULL,NULL,NULL,NULL,NULL,'ccc','65ytert56y','','','','',NULL,NULL,NULL,NULL,NULL,NULL,NULL,'1','2019-03-18 00:00:00',NULL,NULL,NULL,NULL,'3'),(4,NULL,'cda67ea3-1f3e-4dbb-b17c-b2d6fc310916',4,'1',NULL,NULL,NULL,'2019-03-18 00:00:00','2020-03-17 00:00:00','3000.00','0.00',NULL,1,NULL,NULL,NULL,'2019-03-18 00:00:00','6000.00',223,'2020-03-17 00:00:00',NULL,NULL,NULL,NULL,NULL,NULL,NULL,NULL,NULL,NULL,NULL,NULL,NULL,NULL,NULL,'2019-03-18 00:00:00',NULL,NULL,NULL,'','0',NULL,NULL,NULL,NULL,NULL,'',NULL,NULL,NULL,NULL,NULL,NULL,NULL,NULL,NULL,'4567654','3W.WWW23','','','','',NULL,NULL,NULL,NULL,NULL,NULL,NULL,'1','2019-03-18 00:00:00',NULL,NULL,NULL,NULL,'4'),(5,NULL,'e38ba830-0855-48c4-83af-3e115888cd33',5,'4',NULL,NULL,NULL,'2019-03-18 00:00:00','2020-03-17 00:00:00','1500.00','0.00',NULL,2,NULL,NULL,NULL,'2019-03-18 00:00:00','3000.00',223,'2020-03-17 00:00:00',NULL,NULL,NULL,NULL,NULL,NULL,NULL,NULL,NULL,NULL,NULL,NULL,'2019-03-20 00:00:00',NULL,NULL,'2019-03-18 00:00:00',NULL,NULL,NULL,'','0',NULL,NULL,NULL,NULL,NULL,'',NULL,NULL,NULL,NULL,NULL,NULL,NULL,NULL,NULL,'cccer','ccc','','','','',NULL,NULL,'2019-03-20 00:00:00',1,NULL,NULL,NULL,'1','2019-03-18 00:00:00',NULL,'2019-03-20 00:00:00',NULL,'234.00','poi'),(6,NULL,'ce78f849-5382-4c4b-97ab-1c6bab092fa3',5,'1',NULL,NULL,NULL,'2019-03-20 00:00:00','2020-03-19 00:00:00','1500.00','0.00',NULL,2,NULL,NULL,NULL,'2019-03-20 00:00:00','3000.00',223,'2020-03-19 00:00:00',NULL,NULL,NULL,NULL,NULL,NULL,NULL,NULL,NULL,NULL,NULL,NULL,NULL,NULL,NULL,'2019-03-20 00:00:00',NULL,NULL,NULL,'','0',NULL,NULL,NULL,NULL,NULL,'',NULL,NULL,NULL,NULL,NULL,NULL,NULL,NULL,NULL,'gtryhui8','rewrtyr','','','','',NULL,NULL,NULL,NULL,NULL,NULL,NULL,'1','2019-03-20 00:00:00',NULL,NULL,NULL,NULL,'6yt7u');

/*Table structure for table `prh_paycode` */

DROP TABLE IF EXISTS `prh_paycode`;

CREATE TABLE `prh_paycode` (
  `ID` int(11) NOT NULL AUTO_INCREMENT,
  `NAME` varchar(20) DEFAULT NULL,
  PRIMARY KEY (`ID`)
) ENGINE=InnoDB AUTO_INCREMENT=4 DEFAULT CHARSET=utf8;

/*Data for the table `prh_paycode` */

insert  into `prh_paycode`(`ID`,`NAME`) values (1,'现金'),(2,'刷卡'),(3,'转账');

/*Table structure for table `prh_payment` */

DROP TABLE IF EXISTS `prh_payment`;

CREATE TABLE `prh_payment` (
  `ID` int(11) NOT NULL AUTO_INCREMENT,
  `ACCNT` varchar(10) DEFAULT NULL,
  `INUMBER` int(11) DEFAULT NULL,
  `ORGID` varchar(3) DEFAULT NULL,
  `PRTNO` varchar(10) NOT NULL,
  `PAYCODE` varchar(10) DEFAULT NULL,
  `REF` varchar(20) DEFAULT NULL,
  `CREDIT` decimal(8,2) NOT NULL DEFAULT '0.00',
  `REF1` varchar(50) DEFAULT NULL,
  `REF2` varchar(50) DEFAULT NULL,
  `LOGID` varchar(10) DEFAULT NULL,
  `LOGSHIFT` varchar(1) DEFAULT NULL,
  `LOGNAME` varchar(20) DEFAULT NULL,
  `LOGDATE` datetime NOT NULL,
  `sysdate` datetime NOT NULL,
  `ROOMNO` varchar(10) DEFAULT NULL,
  `OROOMNO` varchar(12) DEFAULT NULL,
  `CREDIT1` decimal(8,2) DEFAULT '0.00',
  `TAG` varchar(3) DEFAULT NULL,
  `LOGUPDATE` datetime DEFAULT NULL,
  PRIMARY KEY (`ID`)
) ENGINE=InnoDB AUTO_INCREMENT=26 DEFAULT CHARSET=utf8;

/*Data for the table `prh_payment` */

insert  into `prh_payment`(`ID`,`ACCNT`,`INUMBER`,`ORGID`,`PRTNO`,`PAYCODE`,`REF`,`CREDIT`,`REF1`,`REF2`,`LOGID`,`LOGSHIFT`,`LOGNAME`,`LOGDATE`,`sysdate`,`ROOMNO`,`OROOMNO`,`CREDIT1`,`TAG`,`LOGUPDATE`) values (2,NULL,NULL,NULL,'1','1',NULL,'6000.00','D',NULL,NULL,NULL,NULL,'2019-03-18 00:00:00','2019-03-18 00:00:00',NULL,NULL,NULL,NULL,NULL),(3,NULL,NULL,NULL,'2','1',NULL,'3000.00','R',NULL,NULL,NULL,NULL,'2019-03-18 00:00:00','2019-03-18 00:00:00',NULL,NULL,NULL,NULL,NULL),(4,NULL,NULL,NULL,'3','1',NULL,'3000.00','R',NULL,NULL,NULL,NULL,'2019-03-18 00:00:00','2019-03-18 00:00:00',NULL,NULL,NULL,NULL,NULL),(5,NULL,NULL,NULL,'14','1',NULL,'6000.00','D',NULL,NULL,NULL,NULL,'2019-03-18 00:00:00','2019-03-18 00:00:00',NULL,NULL,NULL,NULL,NULL),(6,NULL,NULL,NULL,'15','1',NULL,'3000.00','R',NULL,NULL,NULL,NULL,'2019-03-18 00:00:00','2019-03-18 00:00:00',NULL,NULL,NULL,NULL,NULL),(7,NULL,NULL,NULL,'27','1',NULL,'6000.00','D',NULL,NULL,NULL,NULL,'2019-03-18 00:00:00','2019-03-18 00:00:00',NULL,NULL,NULL,NULL,NULL),(8,NULL,NULL,NULL,'28','1',NULL,'3000.00','R',NULL,NULL,NULL,NULL,'2019-03-18 00:00:00','2019-03-18 00:00:00',NULL,NULL,NULL,NULL,NULL),(9,NULL,NULL,NULL,'29','1',NULL,'3000.00','R',NULL,NULL,NULL,NULL,'2019-03-18 00:00:00','2019-03-18 00:00:00',NULL,NULL,NULL,NULL,NULL),(10,NULL,NULL,NULL,'40','1',NULL,'6000.00','D',NULL,NULL,NULL,NULL,'2019-03-18 00:00:00','2019-03-18 00:00:00',NULL,NULL,NULL,NULL,NULL),(11,NULL,NULL,NULL,'41','1',NULL,'3000.00','R',NULL,NULL,NULL,NULL,'2019-03-18 00:00:00','2019-03-18 00:00:00',NULL,NULL,NULL,NULL,NULL),(12,NULL,NULL,NULL,'42','1',NULL,'3000.00','R',NULL,NULL,NULL,NULL,'2019-03-18 00:00:00','2019-03-18 00:00:00',NULL,NULL,NULL,NULL,NULL),(13,NULL,NULL,NULL,'43','1',NULL,'3000.00','R',NULL,NULL,NULL,NULL,'2019-03-18 00:00:00','2019-03-18 00:00:00',NULL,NULL,NULL,NULL,NULL),(14,NULL,NULL,NULL,'4','1',NULL,'3000.00','R',NULL,NULL,NULL,NULL,'2019-03-18 00:00:00','2019-03-18 00:00:00',NULL,NULL,NULL,NULL,NULL),(15,NULL,NULL,NULL,'5','1',NULL,'3000.00','R',NULL,NULL,NULL,NULL,'2019-03-18 00:00:00','2019-03-18 00:00:00',NULL,NULL,NULL,NULL,NULL),(16,NULL,NULL,NULL,'66','1',NULL,'3000.00','D',NULL,NULL,NULL,NULL,'2019-03-18 00:00:00','2019-03-18 00:00:00',NULL,NULL,NULL,NULL,NULL),(17,NULL,NULL,NULL,'67','1',NULL,'1500.00','R',NULL,NULL,NULL,NULL,'2019-03-18 00:00:00','2019-03-18 00:00:00',NULL,NULL,NULL,NULL,NULL),(18,NULL,NULL,NULL,'68','1',NULL,'1500.00','R',NULL,NULL,NULL,NULL,'2019-03-20 00:00:00','2019-03-20 00:00:00',NULL,NULL,NULL,NULL,NULL),(19,NULL,NULL,NULL,'69','1',NULL,'1500.00','R',NULL,NULL,NULL,NULL,'2019-03-20 00:00:00','2019-03-20 00:00:00',NULL,NULL,NULL,NULL,NULL),(20,NULL,NULL,NULL,'66',NULL,NULL,'3000.00','D','T',NULL,NULL,NULL,'2019-03-20 00:00:00','2019-03-20 00:00:00',NULL,NULL,NULL,NULL,NULL),(21,NULL,NULL,NULL,'67',NULL,NULL,'1350.00','R','T',NULL,NULL,NULL,'2019-03-20 00:00:00','2019-03-20 00:00:00',NULL,NULL,NULL,NULL,NULL),(22,NULL,NULL,NULL,'68',NULL,NULL,'1500.00','R','T',NULL,NULL,NULL,'2019-03-20 00:00:00','2019-03-20 00:00:00',NULL,NULL,NULL,NULL,NULL),(23,NULL,NULL,NULL,'69',NULL,NULL,'1500.00','R','T',NULL,NULL,NULL,'2019-03-20 00:00:00','2019-03-20 00:00:00',NULL,NULL,NULL,NULL,NULL),(24,NULL,NULL,NULL,'92','1',NULL,'3000.00','D',NULL,NULL,NULL,NULL,'2019-03-20 00:00:00','2019-03-20 00:00:00',NULL,NULL,NULL,NULL,NULL),(25,NULL,NULL,NULL,'93','1',NULL,'1500.00','R',NULL,NULL,NULL,NULL,'2019-03-20 00:00:00','2019-03-20 00:00:00',NULL,NULL,NULL,NULL,NULL);

/*Table structure for table `prh_rental` */

DROP TABLE IF EXISTS `prh_rental`;

CREATE TABLE `prh_rental` (
  `ID` int(11) NOT NULL AUTO_INCREMENT,
  `ACCNT` int(11) NOT NULL,
  `INUMBER` int(11) DEFAULT NULL,
  `FLAG` varchar(1) DEFAULT 'I',
  `ORGID` varchar(3) DEFAULT NULL,
  `PRTNO` varchar(10) DEFAULT NULL,
  `NAME` varchar(100) DEFAULT NULL,
  `GUESTNO` varchar(10) DEFAULT NULL,
  `ROOMNO` varchar(10) DEFAULT NULL,
  `VROOMNO` varchar(10) DEFAULT NULL,
  `RMTYPE` varchar(10) DEFAULT NULL,
  `RATE` decimal(8,2) DEFAULT NULL,
  `FILENO` varchar(20) DEFAULT NULL,
  `DEPOSIT` decimal(8,2) DEFAULT '0.00',
  `CHARGE` decimal(8,2) DEFAULT '0.00',
  `CHARGE1` decimal(8,2) DEFAULT '0.00',
  `CHARGE2` decimal(8,2) DEFAULT '0.00',
  `CHARGE3` decimal(8,2) DEFAULT '0.00',
  `CHARGE4` decimal(8,2) DEFAULT '0.00',
  `CHARGE5` decimal(8,2) DEFAULT '0.00',
  `CHARGE6` decimal(8,2) DEFAULT '0.00',
  `CHARGE7` decimal(8,2) DEFAULT '0.00',
  `CHARGE8` decimal(8,2) DEFAULT '0.00',
  `CHARGE9` decimal(8,2) DEFAULT '0.00',
  `BDATE` datetime DEFAULT NULL,
  `EDATE` datetime DEFAULT NULL,
  `AMOUNT` decimal(8,2) DEFAULT '0.00',
  `REF1` varchar(50) DEFAULT NULL,
  `REF2` varchar(50) DEFAULT NULL,
  `REF3` varchar(50) DEFAULT NULL,
  `REF4` varchar(50) DEFAULT NULL,
  `REF5` varchar(50) DEFAULT NULL,
  `PRTID` varchar(10) DEFAULT NULL,
  `PRTNAME` varchar(20) DEFAULT NULL,
  `PRTDATE` datetime DEFAULT NULL,
  `PRTTIMES` int(11) DEFAULT '0',
  `STA` varchar(1) DEFAULT 'F',
  `CASHIER` varchar(10) DEFAULT NULL,
  `CASHNAME` varchar(20) DEFAULT NULL,
  `CASHDATE` datetime DEFAULT NULL,
  `sysdate` datetime DEFAULT NULL,
  `AUDIT1` varchar(1) DEFAULT 'F',
  `LOGID1` varchar(10) DEFAULT NULL,
  `AUDIT1TIME` datetime DEFAULT NULL,
  `AUDIT2` varchar(1) DEFAULT 'F',
  `LOGID2` varchar(10) DEFAULT NULL,
  `AUDITTIME` datetime DEFAULT NULL,
  `IFLAG` varchar(1) DEFAULT 'F',
  `IAMOUNT` decimal(8,2) DEFAULT '0.00',
  `INO` varchar(20) DEFAULT NULL,
  `ILOGID` varchar(10) DEFAULT NULL,
  `ILOGNAME` varchar(20) DEFAULT NULL,
  `ISYSDATE` datetime DEFAULT NULL,
  `ILOGDATE` datetime DEFAULT NULL,
  `METHOD` varchar(1) DEFAULT 'A',
  `OROOMNO` varchar(12) DEFAULT NULL,
  `DAYS` int(11) DEFAULT '0',
  `FMONTHS` int(11) DEFAULT '0',
  `FDAYS` int(11) DEFAULT '0',
  `FAMOUNT` decimal(8,2) DEFAULT '0.00',
  `CUSNO` varchar(10) DEFAULT NULL,
  `LOGUPDATE` datetime DEFAULT NULL,
  PRIMARY KEY (`ID`),
  KEY `FK_prh_rental` (`ACCNT`),
  CONSTRAINT `FK_prh_rental` FOREIGN KEY (`ACCNT`) REFERENCES `prh_master` (`ID`)
) ENGINE=InnoDB AUTO_INCREMENT=105 DEFAULT CHARSET=utf8;

/*Data for the table `prh_rental` */

insert  into `prh_rental`(`ID`,`ACCNT`,`INUMBER`,`FLAG`,`ORGID`,`PRTNO`,`NAME`,`GUESTNO`,`ROOMNO`,`VROOMNO`,`RMTYPE`,`RATE`,`FILENO`,`DEPOSIT`,`CHARGE`,`CHARGE1`,`CHARGE2`,`CHARGE3`,`CHARGE4`,`CHARGE5`,`CHARGE6`,`CHARGE7`,`CHARGE8`,`CHARGE9`,`BDATE`,`EDATE`,`AMOUNT`,`REF1`,`REF2`,`REF3`,`REF4`,`REF5`,`PRTID`,`PRTNAME`,`PRTDATE`,`PRTTIMES`,`STA`,`CASHIER`,`CASHNAME`,`CASHDATE`,`sysdate`,`AUDIT1`,`LOGID1`,`AUDIT1TIME`,`AUDIT2`,`LOGID2`,`AUDITTIME`,`IFLAG`,`IAMOUNT`,`INO`,`ILOGID`,`ILOGNAME`,`ISYSDATE`,`ILOGDATE`,`METHOD`,`OROOMNO`,`DAYS`,`FMONTHS`,`FDAYS`,`FAMOUNT`,`CUSNO`,`LOGUPDATE`) values (1,1,0,NULL,NULL,NULL,NULL,NULL,NULL,NULL,NULL,'6000.00',NULL,NULL,NULL,NULL,NULL,NULL,NULL,NULL,NULL,NULL,NULL,NULL,NULL,NULL,NULL,NULL,NULL,NULL,NULL,NULL,NULL,NULL,NULL,NULL,'T',NULL,NULL,NULL,NULL,'T','1','2019-03-19 00:00:00',NULL,NULL,NULL,NULL,'6000.00','1',NULL,NULL,NULL,'2019-03-18 00:00:00',NULL,NULL,NULL,NULL,NULL,NULL,NULL,NULL),(2,1,1,NULL,NULL,NULL,NULL,NULL,NULL,NULL,NULL,'3000.00',NULL,NULL,'42000.00','0.00','3000.00',NULL,NULL,NULL,NULL,NULL,NULL,NULL,'2019-03-18 00:00:00','2019-04-17 00:00:00',NULL,NULL,NULL,NULL,NULL,NULL,NULL,NULL,NULL,NULL,'T',NULL,NULL,NULL,NULL,'T','1','2019-03-19 00:00:00',NULL,NULL,NULL,NULL,'3000.00','1',NULL,NULL,NULL,'2019-03-18 00:00:00',NULL,NULL,NULL,NULL,NULL,NULL,NULL,NULL),(3,1,2,NULL,NULL,NULL,NULL,NULL,NULL,NULL,NULL,'3000.00',NULL,NULL,'42000.00','0.00','3000.00',NULL,NULL,NULL,NULL,NULL,NULL,NULL,'2019-04-18 00:00:00','2019-05-17 00:00:00',NULL,NULL,NULL,NULL,NULL,NULL,NULL,NULL,NULL,NULL,'T',NULL,NULL,NULL,NULL,'T','1','2019-03-19 00:00:00',NULL,NULL,NULL,NULL,'3000.00','1',NULL,NULL,NULL,'2019-03-18 00:00:00',NULL,NULL,NULL,NULL,NULL,NULL,NULL,NULL),(4,1,3,NULL,NULL,NULL,NULL,NULL,NULL,NULL,NULL,'3000.00',NULL,NULL,'42000.00','0.00','3000.00',NULL,NULL,NULL,NULL,NULL,NULL,NULL,'2019-05-18 00:00:00','2019-06-17 00:00:00',NULL,NULL,NULL,NULL,NULL,NULL,NULL,NULL,NULL,NULL,'T',NULL,NULL,NULL,NULL,'T','1','2019-03-19 00:00:00',NULL,NULL,NULL,NULL,'3000.00','u7y6t5',NULL,NULL,NULL,'2019-03-18 00:00:00',NULL,NULL,NULL,NULL,NULL,NULL,NULL,NULL),(5,1,4,NULL,NULL,NULL,NULL,NULL,NULL,NULL,NULL,'3000.00',NULL,NULL,'42000.00','0.00','3000.00',NULL,NULL,NULL,NULL,NULL,NULL,NULL,'2019-06-18 00:00:00','2019-07-17 00:00:00',NULL,NULL,NULL,NULL,NULL,NULL,NULL,NULL,NULL,NULL,'T',NULL,NULL,NULL,NULL,'T','1','2019-03-19 00:00:00',NULL,NULL,NULL,NULL,'3000.00','ref',NULL,NULL,NULL,'2019-03-18 00:00:00',NULL,NULL,NULL,NULL,NULL,NULL,NULL,NULL),(6,1,5,NULL,NULL,NULL,NULL,NULL,NULL,NULL,NULL,'3000.00',NULL,NULL,'42000.00','0.00','3000.00',NULL,NULL,NULL,NULL,NULL,NULL,NULL,'2019-07-18 00:00:00','2019-08-17 00:00:00',NULL,NULL,NULL,NULL,NULL,NULL,NULL,NULL,NULL,NULL,'F',NULL,NULL,NULL,NULL,NULL,NULL,NULL,NULL,NULL,NULL,NULL,NULL,NULL,NULL,NULL,NULL,NULL,NULL,NULL,NULL,NULL,NULL,NULL,NULL,NULL),(7,1,6,NULL,NULL,NULL,NULL,NULL,NULL,NULL,NULL,'3000.00',NULL,NULL,'42000.00','0.00','3000.00',NULL,NULL,NULL,NULL,NULL,NULL,NULL,'2019-08-18 00:00:00','2019-09-17 00:00:00',NULL,NULL,NULL,NULL,NULL,NULL,NULL,NULL,NULL,NULL,'F',NULL,NULL,NULL,NULL,NULL,NULL,NULL,NULL,NULL,NULL,NULL,NULL,NULL,NULL,NULL,NULL,NULL,NULL,NULL,NULL,NULL,NULL,NULL,NULL,NULL),(8,1,7,NULL,NULL,NULL,NULL,NULL,NULL,NULL,NULL,'3000.00',NULL,NULL,'42000.00','0.00','3000.00',NULL,NULL,NULL,NULL,NULL,NULL,NULL,'2019-09-18 00:00:00','2019-10-17 00:00:00',NULL,NULL,NULL,NULL,NULL,NULL,NULL,NULL,NULL,NULL,'F',NULL,NULL,NULL,NULL,NULL,NULL,NULL,NULL,NULL,NULL,NULL,NULL,NULL,NULL,NULL,NULL,NULL,NULL,NULL,NULL,NULL,NULL,NULL,NULL,NULL),(9,1,8,NULL,NULL,NULL,NULL,NULL,NULL,NULL,NULL,'3000.00',NULL,NULL,'42000.00','0.00','3000.00',NULL,NULL,NULL,NULL,NULL,NULL,NULL,'2019-10-18 00:00:00','2019-11-17 00:00:00',NULL,NULL,NULL,NULL,NULL,NULL,NULL,NULL,NULL,NULL,'F',NULL,NULL,NULL,NULL,NULL,NULL,NULL,NULL,NULL,NULL,NULL,NULL,NULL,NULL,NULL,NULL,NULL,NULL,NULL,NULL,NULL,NULL,NULL,NULL,NULL),(10,1,9,NULL,NULL,NULL,NULL,NULL,NULL,NULL,NULL,'3000.00',NULL,NULL,'42000.00','0.00','3000.00',NULL,NULL,NULL,NULL,NULL,NULL,NULL,'2019-11-18 00:00:00','2019-12-17 00:00:00',NULL,NULL,NULL,NULL,NULL,NULL,NULL,NULL,NULL,NULL,'F',NULL,NULL,NULL,NULL,NULL,NULL,NULL,NULL,NULL,NULL,NULL,NULL,NULL,NULL,NULL,NULL,NULL,NULL,NULL,NULL,NULL,NULL,NULL,NULL,NULL),(11,1,10,NULL,NULL,NULL,NULL,NULL,NULL,NULL,NULL,'3000.00',NULL,NULL,'42000.00','0.00','3000.00',NULL,NULL,NULL,NULL,NULL,NULL,NULL,'2019-12-18 00:00:00','2020-01-17 00:00:00',NULL,NULL,NULL,NULL,NULL,NULL,NULL,NULL,NULL,NULL,'F',NULL,NULL,NULL,NULL,NULL,NULL,NULL,NULL,NULL,NULL,NULL,NULL,NULL,NULL,NULL,NULL,NULL,NULL,NULL,NULL,NULL,NULL,NULL,NULL,NULL),(12,1,11,NULL,NULL,NULL,NULL,NULL,NULL,NULL,NULL,'3000.00',NULL,NULL,'42000.00','0.00','3000.00',NULL,NULL,NULL,NULL,NULL,NULL,NULL,'2020-01-18 00:00:00','2020-02-17 00:00:00',NULL,NULL,NULL,NULL,NULL,NULL,NULL,NULL,NULL,NULL,'F',NULL,NULL,NULL,NULL,NULL,NULL,NULL,NULL,NULL,NULL,NULL,NULL,NULL,NULL,NULL,NULL,NULL,NULL,NULL,NULL,NULL,NULL,NULL,NULL,NULL),(13,1,12,NULL,NULL,NULL,NULL,NULL,NULL,NULL,NULL,'3000.00',NULL,NULL,'42000.00','0.00','3000.00',NULL,NULL,NULL,NULL,NULL,NULL,NULL,'2020-02-18 00:00:00','2020-03-17 00:00:00',NULL,NULL,NULL,NULL,NULL,NULL,NULL,NULL,NULL,NULL,'F',NULL,NULL,NULL,NULL,NULL,NULL,NULL,NULL,NULL,NULL,NULL,NULL,NULL,NULL,NULL,NULL,NULL,NULL,NULL,NULL,NULL,NULL,NULL,NULL,NULL),(14,2,0,NULL,NULL,NULL,NULL,NULL,NULL,NULL,NULL,'6000.00',NULL,NULL,NULL,NULL,NULL,NULL,NULL,NULL,NULL,NULL,NULL,NULL,NULL,NULL,NULL,NULL,NULL,NULL,NULL,NULL,NULL,NULL,NULL,NULL,'T',NULL,NULL,NULL,NULL,NULL,NULL,NULL,NULL,NULL,NULL,NULL,'6000.00','2',NULL,NULL,NULL,'2019-03-18 00:00:00',NULL,NULL,NULL,NULL,NULL,NULL,NULL,NULL),(15,2,1,NULL,NULL,NULL,NULL,NULL,NULL,NULL,NULL,'3000.00',NULL,NULL,'42000.00','0.00','3000.00',NULL,NULL,NULL,NULL,NULL,NULL,NULL,'2019-03-18 00:00:00','2019-04-17 00:00:00',NULL,NULL,NULL,NULL,NULL,NULL,NULL,NULL,NULL,NULL,'T',NULL,NULL,NULL,NULL,NULL,NULL,NULL,NULL,NULL,NULL,NULL,'3000.00','2',NULL,NULL,NULL,'2019-03-18 00:00:00',NULL,NULL,NULL,NULL,NULL,NULL,NULL,NULL),(16,2,2,NULL,NULL,NULL,NULL,NULL,NULL,NULL,NULL,'3000.00',NULL,NULL,'42000.00','0.00','3000.00',NULL,NULL,NULL,NULL,NULL,NULL,NULL,'2019-04-18 00:00:00','2019-05-17 00:00:00',NULL,NULL,NULL,NULL,NULL,NULL,NULL,NULL,NULL,NULL,'F',NULL,NULL,NULL,NULL,NULL,NULL,NULL,NULL,NULL,NULL,NULL,NULL,NULL,NULL,NULL,NULL,NULL,NULL,NULL,NULL,NULL,NULL,NULL,NULL,NULL),(17,2,3,NULL,NULL,NULL,NULL,NULL,NULL,NULL,NULL,'3000.00',NULL,NULL,'42000.00','0.00','3000.00',NULL,NULL,NULL,NULL,NULL,NULL,NULL,'2019-05-18 00:00:00','2019-06-17 00:00:00',NULL,NULL,NULL,NULL,NULL,NULL,NULL,NULL,NULL,NULL,'F',NULL,NULL,NULL,NULL,NULL,NULL,NULL,NULL,NULL,NULL,NULL,NULL,NULL,NULL,NULL,NULL,NULL,NULL,NULL,NULL,NULL,NULL,NULL,NULL,NULL),(18,2,4,NULL,NULL,NULL,NULL,NULL,NULL,NULL,NULL,'3000.00',NULL,NULL,'42000.00','0.00','3000.00',NULL,NULL,NULL,NULL,NULL,NULL,NULL,'2019-06-18 00:00:00','2019-07-17 00:00:00',NULL,NULL,NULL,NULL,NULL,NULL,NULL,NULL,NULL,NULL,'F',NULL,NULL,NULL,NULL,NULL,NULL,NULL,NULL,NULL,NULL,NULL,NULL,NULL,NULL,NULL,NULL,NULL,NULL,NULL,NULL,NULL,NULL,NULL,NULL,NULL),(19,2,5,NULL,NULL,NULL,NULL,NULL,NULL,NULL,NULL,'3000.00',NULL,NULL,'42000.00','0.00','3000.00',NULL,NULL,NULL,NULL,NULL,NULL,NULL,'2019-07-18 00:00:00','2019-08-17 00:00:00',NULL,NULL,NULL,NULL,NULL,NULL,NULL,NULL,NULL,NULL,'F',NULL,NULL,NULL,NULL,NULL,NULL,NULL,NULL,NULL,NULL,NULL,NULL,NULL,NULL,NULL,NULL,NULL,NULL,NULL,NULL,NULL,NULL,NULL,NULL,NULL),(20,2,6,NULL,NULL,NULL,NULL,NULL,NULL,NULL,NULL,'3000.00',NULL,NULL,'42000.00','0.00','3000.00',NULL,NULL,NULL,NULL,NULL,NULL,NULL,'2019-08-18 00:00:00','2019-09-17 00:00:00',NULL,NULL,NULL,NULL,NULL,NULL,NULL,NULL,NULL,NULL,'F',NULL,NULL,NULL,NULL,NULL,NULL,NULL,NULL,NULL,NULL,NULL,NULL,NULL,NULL,NULL,NULL,NULL,NULL,NULL,NULL,NULL,NULL,NULL,NULL,NULL),(21,2,7,NULL,NULL,NULL,NULL,NULL,NULL,NULL,NULL,'3000.00',NULL,NULL,'42000.00','0.00','3000.00',NULL,NULL,NULL,NULL,NULL,NULL,NULL,'2019-09-18 00:00:00','2019-10-17 00:00:00',NULL,NULL,NULL,NULL,NULL,NULL,NULL,NULL,NULL,NULL,'F',NULL,NULL,NULL,NULL,NULL,NULL,NULL,NULL,NULL,NULL,NULL,NULL,NULL,NULL,NULL,NULL,NULL,NULL,NULL,NULL,NULL,NULL,NULL,NULL,NULL),(22,2,8,NULL,NULL,NULL,NULL,NULL,NULL,NULL,NULL,'3000.00',NULL,NULL,'42000.00','0.00','3000.00',NULL,NULL,NULL,NULL,NULL,NULL,NULL,'2019-10-18 00:00:00','2019-11-17 00:00:00',NULL,NULL,NULL,NULL,NULL,NULL,NULL,NULL,NULL,NULL,'F',NULL,NULL,NULL,NULL,NULL,NULL,NULL,NULL,NULL,NULL,NULL,NULL,NULL,NULL,NULL,NULL,NULL,NULL,NULL,NULL,NULL,NULL,NULL,NULL,NULL),(23,2,9,NULL,NULL,NULL,NULL,NULL,NULL,NULL,NULL,'3000.00',NULL,NULL,'42000.00','0.00','3000.00',NULL,NULL,NULL,NULL,NULL,NULL,NULL,'2019-11-18 00:00:00','2019-12-17 00:00:00',NULL,NULL,NULL,NULL,NULL,NULL,NULL,NULL,NULL,NULL,'F',NULL,NULL,NULL,NULL,NULL,NULL,NULL,NULL,NULL,NULL,NULL,NULL,NULL,NULL,NULL,NULL,NULL,NULL,NULL,NULL,NULL,NULL,NULL,NULL,NULL),(24,2,10,NULL,NULL,NULL,NULL,NULL,NULL,NULL,NULL,'3000.00',NULL,NULL,'42000.00','0.00','3000.00',NULL,NULL,NULL,NULL,NULL,NULL,NULL,'2019-12-18 00:00:00','2020-01-17 00:00:00',NULL,NULL,NULL,NULL,NULL,NULL,NULL,NULL,NULL,NULL,'F',NULL,NULL,NULL,NULL,NULL,NULL,NULL,NULL,NULL,NULL,NULL,NULL,NULL,NULL,NULL,NULL,NULL,NULL,NULL,NULL,NULL,NULL,NULL,NULL,NULL),(25,2,11,NULL,NULL,NULL,NULL,NULL,NULL,NULL,NULL,'3000.00',NULL,NULL,'42000.00','0.00','3000.00',NULL,NULL,NULL,NULL,NULL,NULL,NULL,'2020-01-18 00:00:00','2020-02-17 00:00:00',NULL,NULL,NULL,NULL,NULL,NULL,NULL,NULL,NULL,NULL,'F',NULL,NULL,NULL,NULL,NULL,NULL,NULL,NULL,NULL,NULL,NULL,NULL,NULL,NULL,NULL,NULL,NULL,NULL,NULL,NULL,NULL,NULL,NULL,NULL,NULL),(26,2,12,NULL,NULL,NULL,NULL,NULL,NULL,NULL,NULL,'3000.00',NULL,NULL,'42000.00','0.00','3000.00',NULL,NULL,NULL,NULL,NULL,NULL,NULL,'2020-02-18 00:00:00','2020-03-17 00:00:00',NULL,NULL,NULL,NULL,NULL,NULL,NULL,NULL,NULL,NULL,'F',NULL,NULL,NULL,NULL,NULL,NULL,NULL,NULL,NULL,NULL,NULL,NULL,NULL,NULL,NULL,NULL,NULL,NULL,NULL,NULL,NULL,NULL,NULL,NULL,NULL),(27,3,0,NULL,NULL,NULL,NULL,NULL,NULL,NULL,NULL,'6000.00',NULL,NULL,NULL,NULL,NULL,NULL,NULL,NULL,NULL,NULL,NULL,NULL,NULL,NULL,NULL,NULL,NULL,NULL,NULL,NULL,NULL,NULL,NULL,NULL,'T',NULL,NULL,NULL,NULL,NULL,NULL,NULL,NULL,NULL,NULL,NULL,'6000.00','3',NULL,NULL,NULL,'2019-03-18 00:00:00',NULL,NULL,NULL,NULL,NULL,NULL,NULL,NULL),(28,3,1,NULL,NULL,NULL,NULL,NULL,NULL,NULL,NULL,'3000.00',NULL,NULL,'42000.00','0.00','3000.00',NULL,NULL,NULL,NULL,NULL,NULL,NULL,'2019-03-18 00:00:00','2019-04-17 00:00:00',NULL,NULL,NULL,NULL,NULL,NULL,NULL,NULL,NULL,NULL,'T',NULL,NULL,NULL,NULL,NULL,NULL,NULL,NULL,NULL,NULL,NULL,'3000.00','3',NULL,NULL,NULL,'2019-03-18 00:00:00',NULL,NULL,NULL,NULL,NULL,NULL,NULL,NULL),(29,3,2,NULL,NULL,NULL,NULL,NULL,NULL,NULL,NULL,'3000.00',NULL,NULL,'42000.00','0.00','3000.00',NULL,NULL,NULL,NULL,NULL,NULL,NULL,'2019-04-18 00:00:00','2019-05-17 00:00:00',NULL,NULL,NULL,NULL,NULL,NULL,NULL,NULL,NULL,NULL,'T',NULL,NULL,NULL,NULL,NULL,NULL,NULL,NULL,NULL,NULL,NULL,'3000.00','3',NULL,NULL,NULL,'2019-03-18 00:00:00',NULL,NULL,NULL,NULL,NULL,NULL,NULL,NULL),(30,3,3,NULL,NULL,NULL,NULL,NULL,NULL,NULL,NULL,'3000.00',NULL,NULL,'42000.00','0.00','3000.00',NULL,NULL,NULL,NULL,NULL,NULL,NULL,'2019-05-18 00:00:00','2019-06-17 00:00:00',NULL,NULL,NULL,NULL,NULL,NULL,NULL,NULL,NULL,NULL,'F',NULL,NULL,NULL,NULL,NULL,NULL,NULL,NULL,NULL,NULL,NULL,NULL,NULL,NULL,NULL,NULL,NULL,NULL,NULL,NULL,NULL,NULL,NULL,NULL,NULL),(31,3,4,NULL,NULL,NULL,NULL,NULL,NULL,NULL,NULL,'3000.00',NULL,NULL,'42000.00','0.00','3000.00',NULL,NULL,NULL,NULL,NULL,NULL,NULL,'2019-06-18 00:00:00','2019-07-17 00:00:00',NULL,NULL,NULL,NULL,NULL,NULL,NULL,NULL,NULL,NULL,'F',NULL,NULL,NULL,NULL,NULL,NULL,NULL,NULL,NULL,NULL,NULL,NULL,NULL,NULL,NULL,NULL,NULL,NULL,NULL,NULL,NULL,NULL,NULL,NULL,NULL),(32,3,5,NULL,NULL,NULL,NULL,NULL,NULL,NULL,NULL,'3000.00',NULL,NULL,'42000.00','0.00','3000.00',NULL,NULL,NULL,NULL,NULL,NULL,NULL,'2019-07-18 00:00:00','2019-08-17 00:00:00',NULL,NULL,NULL,NULL,NULL,NULL,NULL,NULL,NULL,NULL,'F',NULL,NULL,NULL,NULL,NULL,NULL,NULL,NULL,NULL,NULL,NULL,NULL,NULL,NULL,NULL,NULL,NULL,NULL,NULL,NULL,NULL,NULL,NULL,NULL,NULL),(33,3,6,NULL,NULL,NULL,NULL,NULL,NULL,NULL,NULL,'3000.00',NULL,NULL,'42000.00','0.00','3000.00',NULL,NULL,NULL,NULL,NULL,NULL,NULL,'2019-08-18 00:00:00','2019-09-17 00:00:00',NULL,NULL,NULL,NULL,NULL,NULL,NULL,NULL,NULL,NULL,'F',NULL,NULL,NULL,NULL,NULL,NULL,NULL,NULL,NULL,NULL,NULL,NULL,NULL,NULL,NULL,NULL,NULL,NULL,NULL,NULL,NULL,NULL,NULL,NULL,NULL),(34,3,7,NULL,NULL,NULL,NULL,NULL,NULL,NULL,NULL,'3000.00',NULL,NULL,'42000.00','0.00','3000.00',NULL,NULL,NULL,NULL,NULL,NULL,NULL,'2019-09-18 00:00:00','2019-10-17 00:00:00',NULL,NULL,NULL,NULL,NULL,NULL,NULL,NULL,NULL,NULL,'F',NULL,NULL,NULL,NULL,NULL,NULL,NULL,NULL,NULL,NULL,NULL,NULL,NULL,NULL,NULL,NULL,NULL,NULL,NULL,NULL,NULL,NULL,NULL,NULL,NULL),(35,3,8,NULL,NULL,NULL,NULL,NULL,NULL,NULL,NULL,'3000.00',NULL,NULL,'42000.00','0.00','3000.00',NULL,NULL,NULL,NULL,NULL,NULL,NULL,'2019-10-18 00:00:00','2019-11-17 00:00:00',NULL,NULL,NULL,NULL,NULL,NULL,NULL,NULL,NULL,NULL,'F',NULL,NULL,NULL,NULL,NULL,NULL,NULL,NULL,NULL,NULL,NULL,NULL,NULL,NULL,NULL,NULL,NULL,NULL,NULL,NULL,NULL,NULL,NULL,NULL,NULL),(36,3,9,NULL,NULL,NULL,NULL,NULL,NULL,NULL,NULL,'3000.00',NULL,NULL,'42000.00','0.00','3000.00',NULL,NULL,NULL,NULL,NULL,NULL,NULL,'2019-11-18 00:00:00','2019-12-17 00:00:00',NULL,NULL,NULL,NULL,NULL,NULL,NULL,NULL,NULL,NULL,'F',NULL,NULL,NULL,NULL,NULL,NULL,NULL,NULL,NULL,NULL,NULL,NULL,NULL,NULL,NULL,NULL,NULL,NULL,NULL,NULL,NULL,NULL,NULL,NULL,NULL),(37,3,10,NULL,NULL,NULL,NULL,NULL,NULL,NULL,NULL,'3000.00',NULL,NULL,'42000.00','0.00','3000.00',NULL,NULL,NULL,NULL,NULL,NULL,NULL,'2019-12-18 00:00:00','2020-01-17 00:00:00',NULL,NULL,NULL,NULL,NULL,NULL,NULL,NULL,NULL,NULL,'F',NULL,NULL,NULL,NULL,NULL,NULL,NULL,NULL,NULL,NULL,NULL,NULL,NULL,NULL,NULL,NULL,NULL,NULL,NULL,NULL,NULL,NULL,NULL,NULL,NULL),(38,3,11,NULL,NULL,NULL,NULL,NULL,NULL,NULL,NULL,'3000.00',NULL,NULL,'42000.00','0.00','3000.00',NULL,NULL,NULL,NULL,NULL,NULL,NULL,'2020-01-18 00:00:00','2020-02-17 00:00:00',NULL,NULL,NULL,NULL,NULL,NULL,NULL,NULL,NULL,NULL,'F',NULL,NULL,NULL,NULL,NULL,NULL,NULL,NULL,NULL,NULL,NULL,NULL,NULL,NULL,NULL,NULL,NULL,NULL,NULL,NULL,NULL,NULL,NULL,NULL,NULL),(39,3,12,NULL,NULL,NULL,NULL,NULL,NULL,NULL,NULL,'3000.00',NULL,NULL,'42000.00','0.00','3000.00',NULL,NULL,NULL,NULL,NULL,NULL,NULL,'2020-02-18 00:00:00','2020-03-17 00:00:00',NULL,NULL,NULL,NULL,NULL,NULL,NULL,NULL,NULL,NULL,'F',NULL,NULL,NULL,NULL,NULL,NULL,NULL,NULL,NULL,NULL,NULL,NULL,NULL,NULL,NULL,NULL,NULL,NULL,NULL,NULL,NULL,NULL,NULL,NULL,NULL),(40,4,0,NULL,NULL,NULL,NULL,NULL,NULL,NULL,NULL,'6000.00',NULL,NULL,NULL,NULL,NULL,NULL,NULL,NULL,NULL,NULL,NULL,NULL,NULL,NULL,NULL,NULL,NULL,NULL,NULL,NULL,NULL,NULL,NULL,NULL,'T',NULL,NULL,NULL,NULL,NULL,NULL,NULL,NULL,NULL,NULL,NULL,'6000.00','4',NULL,NULL,NULL,'2019-03-18 00:00:00',NULL,NULL,NULL,NULL,NULL,NULL,NULL,NULL),(41,4,1,NULL,NULL,NULL,NULL,NULL,NULL,NULL,NULL,'3000.00',NULL,NULL,'42000.00','0.00','3000.00',NULL,NULL,NULL,NULL,NULL,NULL,NULL,'2019-03-18 00:00:00','2019-04-17 00:00:00',NULL,NULL,NULL,NULL,NULL,NULL,NULL,NULL,NULL,NULL,'T',NULL,NULL,NULL,NULL,NULL,NULL,NULL,NULL,NULL,NULL,NULL,'3000.00','4',NULL,NULL,NULL,'2019-03-18 00:00:00',NULL,NULL,NULL,NULL,NULL,NULL,NULL,NULL),(42,4,2,NULL,NULL,NULL,NULL,NULL,NULL,NULL,NULL,'3000.00',NULL,NULL,'42000.00','0.00','3000.00',NULL,NULL,NULL,NULL,NULL,NULL,NULL,'2019-04-18 00:00:00','2019-05-17 00:00:00',NULL,NULL,NULL,NULL,NULL,NULL,NULL,NULL,NULL,NULL,'T',NULL,NULL,NULL,NULL,NULL,NULL,NULL,NULL,NULL,NULL,NULL,'3000.00','4',NULL,NULL,NULL,'2019-03-18 00:00:00',NULL,NULL,NULL,NULL,NULL,NULL,NULL,NULL),(43,4,3,NULL,NULL,NULL,NULL,NULL,NULL,NULL,NULL,'3000.00',NULL,NULL,'42000.00','0.00','3000.00',NULL,NULL,NULL,NULL,NULL,NULL,NULL,'2019-05-18 00:00:00','2019-06-17 00:00:00',NULL,NULL,NULL,NULL,NULL,NULL,NULL,NULL,NULL,NULL,'T',NULL,NULL,NULL,NULL,NULL,NULL,NULL,NULL,NULL,NULL,NULL,'3000.00','4',NULL,NULL,NULL,'2019-03-18 00:00:00',NULL,NULL,NULL,NULL,NULL,NULL,NULL,NULL),(44,4,4,NULL,NULL,NULL,NULL,NULL,NULL,NULL,NULL,'3000.00',NULL,NULL,'42000.00','0.00','3000.00',NULL,NULL,NULL,NULL,NULL,NULL,NULL,'2019-06-18 00:00:00','2019-07-17 00:00:00',NULL,NULL,NULL,NULL,NULL,NULL,NULL,NULL,NULL,NULL,'F',NULL,NULL,NULL,NULL,NULL,NULL,NULL,NULL,NULL,NULL,NULL,NULL,NULL,NULL,NULL,NULL,NULL,NULL,NULL,NULL,NULL,NULL,NULL,NULL,NULL),(45,4,5,NULL,NULL,NULL,NULL,NULL,NULL,NULL,NULL,'3000.00',NULL,NULL,'42000.00','0.00','3000.00',NULL,NULL,NULL,NULL,NULL,NULL,NULL,'2019-07-18 00:00:00','2019-08-17 00:00:00',NULL,NULL,NULL,NULL,NULL,NULL,NULL,NULL,NULL,NULL,'F',NULL,NULL,NULL,NULL,NULL,NULL,NULL,NULL,NULL,NULL,NULL,NULL,NULL,NULL,NULL,NULL,NULL,NULL,NULL,NULL,NULL,NULL,NULL,NULL,NULL),(46,4,6,NULL,NULL,NULL,NULL,NULL,NULL,NULL,NULL,'3000.00',NULL,NULL,'42000.00','0.00','3000.00',NULL,NULL,NULL,NULL,NULL,NULL,NULL,'2019-08-18 00:00:00','2019-09-17 00:00:00',NULL,NULL,NULL,NULL,NULL,NULL,NULL,NULL,NULL,NULL,'F',NULL,NULL,NULL,NULL,NULL,NULL,NULL,NULL,NULL,NULL,NULL,NULL,NULL,NULL,NULL,NULL,NULL,NULL,NULL,NULL,NULL,NULL,NULL,NULL,NULL),(47,4,7,NULL,NULL,NULL,NULL,NULL,NULL,NULL,NULL,'3000.00',NULL,NULL,'42000.00','0.00','3000.00',NULL,NULL,NULL,NULL,NULL,NULL,NULL,'2019-09-18 00:00:00','2019-10-17 00:00:00',NULL,NULL,NULL,NULL,NULL,NULL,NULL,NULL,NULL,NULL,'F',NULL,NULL,NULL,NULL,NULL,NULL,NULL,NULL,NULL,NULL,NULL,NULL,NULL,NULL,NULL,NULL,NULL,NULL,NULL,NULL,NULL,NULL,NULL,NULL,NULL),(48,4,8,NULL,NULL,NULL,NULL,NULL,NULL,NULL,NULL,'3000.00',NULL,NULL,'42000.00','0.00','3000.00',NULL,NULL,NULL,NULL,NULL,NULL,NULL,'2019-10-18 00:00:00','2019-11-17 00:00:00',NULL,NULL,NULL,NULL,NULL,NULL,NULL,NULL,NULL,NULL,'F',NULL,NULL,NULL,NULL,NULL,NULL,NULL,NULL,NULL,NULL,NULL,NULL,NULL,NULL,NULL,NULL,NULL,NULL,NULL,NULL,NULL,NULL,NULL,NULL,NULL),(49,4,9,NULL,NULL,NULL,NULL,NULL,NULL,NULL,NULL,'3000.00',NULL,NULL,'42000.00','0.00','3000.00',NULL,NULL,NULL,NULL,NULL,NULL,NULL,'2019-11-18 00:00:00','2019-12-17 00:00:00',NULL,NULL,NULL,NULL,NULL,NULL,NULL,NULL,NULL,NULL,'F',NULL,NULL,NULL,NULL,NULL,NULL,NULL,NULL,NULL,NULL,NULL,NULL,NULL,NULL,NULL,NULL,NULL,NULL,NULL,NULL,NULL,NULL,NULL,NULL,NULL),(50,4,10,NULL,NULL,NULL,NULL,NULL,NULL,NULL,NULL,'3000.00',NULL,NULL,'42000.00','0.00','3000.00',NULL,NULL,NULL,NULL,NULL,NULL,NULL,'2019-12-18 00:00:00','2020-01-17 00:00:00',NULL,NULL,NULL,NULL,NULL,NULL,NULL,NULL,NULL,NULL,'F',NULL,NULL,NULL,NULL,NULL,NULL,NULL,NULL,NULL,NULL,NULL,NULL,NULL,NULL,NULL,NULL,NULL,NULL,NULL,NULL,NULL,NULL,NULL,NULL,NULL),(51,4,11,NULL,NULL,NULL,NULL,NULL,NULL,NULL,NULL,'3000.00',NULL,NULL,'42000.00','0.00','3000.00',NULL,NULL,NULL,NULL,NULL,NULL,NULL,'2020-01-18 00:00:00','2020-02-17 00:00:00',NULL,NULL,NULL,NULL,NULL,NULL,NULL,NULL,NULL,NULL,'F',NULL,NULL,NULL,NULL,NULL,NULL,NULL,NULL,NULL,NULL,NULL,NULL,NULL,NULL,NULL,NULL,NULL,NULL,NULL,NULL,NULL,NULL,NULL,NULL,NULL),(52,4,12,NULL,NULL,NULL,NULL,NULL,NULL,NULL,NULL,'3000.00',NULL,NULL,'42000.00','0.00','3000.00',NULL,NULL,NULL,NULL,NULL,NULL,NULL,'2020-02-18 00:00:00','2020-03-17 00:00:00',NULL,NULL,NULL,NULL,NULL,NULL,NULL,NULL,NULL,NULL,'F',NULL,NULL,NULL,NULL,NULL,NULL,NULL,NULL,NULL,NULL,NULL,NULL,NULL,NULL,NULL,NULL,NULL,NULL,NULL,NULL,NULL,NULL,NULL,NULL,NULL),(66,5,0,NULL,NULL,NULL,NULL,NULL,NULL,NULL,NULL,'3000.00',NULL,NULL,NULL,NULL,NULL,NULL,NULL,NULL,NULL,NULL,NULL,NULL,NULL,NULL,NULL,NULL,NULL,NULL,NULL,NULL,NULL,NULL,NULL,NULL,'M',NULL,NULL,NULL,NULL,NULL,NULL,NULL,NULL,NULL,NULL,NULL,'3000.00','rfsgt',NULL,NULL,NULL,'2019-03-18 00:00:00',NULL,NULL,NULL,NULL,NULL,NULL,NULL,NULL),(67,5,1,NULL,NULL,NULL,NULL,NULL,NULL,NULL,NULL,'1500.00',NULL,NULL,'21000.00','0.00','1500.00',NULL,NULL,NULL,NULL,NULL,NULL,NULL,'2019-03-18 00:00:00','2019-04-17 00:00:00',NULL,NULL,NULL,NULL,NULL,NULL,NULL,NULL,NULL,NULL,'M',NULL,NULL,NULL,NULL,NULL,NULL,NULL,NULL,NULL,NULL,NULL,'1500.00','rfsgt',NULL,NULL,NULL,'2019-03-18 00:00:00',NULL,NULL,NULL,NULL,NULL,NULL,NULL,NULL),(68,5,2,NULL,NULL,NULL,NULL,NULL,NULL,NULL,NULL,'1500.00',NULL,NULL,'21000.00','0.00','1500.00',NULL,NULL,NULL,NULL,NULL,NULL,NULL,'2019-04-18 00:00:00','2019-05-17 00:00:00',NULL,NULL,NULL,NULL,NULL,NULL,NULL,NULL,NULL,NULL,'M',NULL,NULL,NULL,NULL,NULL,NULL,NULL,NULL,NULL,NULL,NULL,'1500.00','rfer',NULL,NULL,NULL,'2019-03-20 00:00:00',NULL,NULL,NULL,NULL,NULL,NULL,NULL,NULL),(69,5,3,NULL,NULL,NULL,NULL,NULL,NULL,NULL,NULL,'1500.00',NULL,NULL,'21000.00','0.00','1500.00',NULL,NULL,NULL,NULL,NULL,NULL,NULL,'2019-05-18 00:00:00','2019-06-17 00:00:00',NULL,NULL,NULL,NULL,NULL,NULL,NULL,NULL,NULL,NULL,'M',NULL,NULL,NULL,NULL,NULL,NULL,NULL,NULL,NULL,NULL,NULL,'1500.00','jyu',NULL,NULL,NULL,'2019-03-20 00:00:00',NULL,NULL,NULL,NULL,NULL,NULL,NULL,NULL),(70,5,4,NULL,NULL,NULL,NULL,NULL,NULL,NULL,NULL,'1500.00',NULL,NULL,'21000.00','0.00','1500.00',NULL,NULL,NULL,NULL,NULL,NULL,NULL,'2019-06-18 00:00:00','2019-07-17 00:00:00',NULL,NULL,NULL,NULL,NULL,NULL,NULL,NULL,NULL,NULL,'N',NULL,NULL,NULL,NULL,NULL,NULL,NULL,NULL,NULL,NULL,NULL,NULL,NULL,NULL,NULL,NULL,NULL,NULL,NULL,NULL,NULL,NULL,NULL,NULL,NULL),(71,5,5,NULL,NULL,NULL,NULL,NULL,NULL,NULL,NULL,'1500.00',NULL,NULL,'21000.00','0.00','1500.00',NULL,NULL,NULL,NULL,NULL,NULL,NULL,'2019-07-18 00:00:00','2019-08-17 00:00:00',NULL,NULL,NULL,NULL,NULL,NULL,NULL,NULL,NULL,NULL,'N',NULL,NULL,NULL,NULL,NULL,NULL,NULL,NULL,NULL,NULL,NULL,NULL,NULL,NULL,NULL,NULL,NULL,NULL,NULL,NULL,NULL,NULL,NULL,NULL,NULL),(72,5,6,NULL,NULL,NULL,NULL,NULL,NULL,NULL,NULL,'1500.00',NULL,NULL,'21000.00','0.00','1500.00',NULL,NULL,NULL,NULL,NULL,NULL,NULL,'2019-08-18 00:00:00','2019-09-17 00:00:00',NULL,NULL,NULL,NULL,NULL,NULL,NULL,NULL,NULL,NULL,'N',NULL,NULL,NULL,NULL,NULL,NULL,NULL,NULL,NULL,NULL,NULL,NULL,NULL,NULL,NULL,NULL,NULL,NULL,NULL,NULL,NULL,NULL,NULL,NULL,NULL),(73,5,7,NULL,NULL,NULL,NULL,NULL,NULL,NULL,NULL,'1500.00',NULL,NULL,'21000.00','0.00','1500.00',NULL,NULL,NULL,NULL,NULL,NULL,NULL,'2019-09-18 00:00:00','2019-10-17 00:00:00',NULL,NULL,NULL,NULL,NULL,NULL,NULL,NULL,NULL,NULL,'N',NULL,NULL,NULL,NULL,NULL,NULL,NULL,NULL,NULL,NULL,NULL,NULL,NULL,NULL,NULL,NULL,NULL,NULL,NULL,NULL,NULL,NULL,NULL,NULL,NULL),(74,5,8,NULL,NULL,NULL,NULL,NULL,NULL,NULL,NULL,'1500.00',NULL,NULL,'21000.00','0.00','1500.00',NULL,NULL,NULL,NULL,NULL,NULL,NULL,'2019-10-18 00:00:00','2019-11-17 00:00:00',NULL,NULL,NULL,NULL,NULL,NULL,NULL,NULL,NULL,NULL,'N',NULL,NULL,NULL,NULL,NULL,NULL,NULL,NULL,NULL,NULL,NULL,NULL,NULL,NULL,NULL,NULL,NULL,NULL,NULL,NULL,NULL,NULL,NULL,NULL,NULL),(75,5,9,NULL,NULL,NULL,NULL,NULL,NULL,NULL,NULL,'1500.00',NULL,NULL,'21000.00','0.00','1500.00',NULL,NULL,NULL,NULL,NULL,NULL,NULL,'2019-11-18 00:00:00','2019-12-17 00:00:00',NULL,NULL,NULL,NULL,NULL,NULL,NULL,NULL,NULL,NULL,'N',NULL,NULL,NULL,NULL,NULL,NULL,NULL,NULL,NULL,NULL,NULL,NULL,NULL,NULL,NULL,NULL,NULL,NULL,NULL,NULL,NULL,NULL,NULL,NULL,NULL),(76,5,10,NULL,NULL,NULL,NULL,NULL,NULL,NULL,NULL,'1500.00',NULL,NULL,'21000.00','0.00','1500.00',NULL,NULL,NULL,NULL,NULL,NULL,NULL,'2019-12-18 00:00:00','2020-01-17 00:00:00',NULL,NULL,NULL,NULL,NULL,NULL,NULL,NULL,NULL,NULL,'N',NULL,NULL,NULL,NULL,NULL,NULL,NULL,NULL,NULL,NULL,NULL,NULL,NULL,NULL,NULL,NULL,NULL,NULL,NULL,NULL,NULL,NULL,NULL,NULL,NULL),(77,5,11,NULL,NULL,NULL,NULL,NULL,NULL,NULL,NULL,'1500.00',NULL,NULL,'21000.00','0.00','1500.00',NULL,NULL,NULL,NULL,NULL,NULL,NULL,'2020-01-18 00:00:00','2020-02-17 00:00:00',NULL,NULL,NULL,NULL,NULL,NULL,NULL,NULL,NULL,NULL,'N',NULL,NULL,NULL,NULL,NULL,NULL,NULL,NULL,NULL,NULL,NULL,NULL,NULL,NULL,NULL,NULL,NULL,NULL,NULL,NULL,NULL,NULL,NULL,NULL,NULL),(78,5,12,NULL,NULL,NULL,NULL,NULL,NULL,NULL,NULL,'1500.00',NULL,NULL,'21000.00','0.00','1500.00',NULL,NULL,NULL,NULL,NULL,NULL,NULL,'2020-02-18 00:00:00','2020-03-17 00:00:00',NULL,NULL,NULL,NULL,NULL,NULL,NULL,NULL,NULL,NULL,'N',NULL,NULL,NULL,NULL,NULL,NULL,NULL,NULL,NULL,NULL,NULL,NULL,NULL,NULL,NULL,NULL,NULL,NULL,NULL,NULL,NULL,NULL,NULL,NULL,NULL),(92,6,0,NULL,NULL,NULL,NULL,NULL,NULL,NULL,NULL,'3000.00',NULL,NULL,NULL,NULL,NULL,NULL,NULL,NULL,NULL,NULL,NULL,NULL,NULL,NULL,NULL,NULL,NULL,NULL,NULL,NULL,NULL,NULL,NULL,NULL,'T',NULL,NULL,NULL,NULL,NULL,NULL,NULL,NULL,NULL,NULL,NULL,'3000.00','tgtertg',NULL,NULL,NULL,'2019-03-20 00:00:00',NULL,NULL,NULL,NULL,NULL,NULL,NULL,NULL),(93,6,1,NULL,NULL,NULL,NULL,NULL,NULL,NULL,NULL,'1500.00',NULL,NULL,'21000.00','0.00','1500.00',NULL,NULL,NULL,NULL,NULL,NULL,NULL,'2019-03-20 00:00:00','2019-04-19 00:00:00',NULL,NULL,NULL,NULL,NULL,NULL,NULL,NULL,NULL,NULL,'T',NULL,NULL,NULL,NULL,NULL,NULL,NULL,NULL,NULL,NULL,NULL,'1500.00','tgtertg',NULL,NULL,NULL,'2019-03-20 00:00:00',NULL,NULL,NULL,NULL,NULL,NULL,NULL,NULL),(94,6,2,NULL,NULL,NULL,NULL,NULL,NULL,NULL,NULL,'1500.00',NULL,NULL,'21000.00','0.00','1500.00',NULL,NULL,NULL,NULL,NULL,NULL,NULL,'2019-04-20 00:00:00','2019-05-19 00:00:00',NULL,NULL,NULL,NULL,NULL,NULL,NULL,NULL,NULL,NULL,'F',NULL,NULL,NULL,NULL,NULL,NULL,NULL,NULL,NULL,NULL,NULL,NULL,NULL,NULL,NULL,NULL,NULL,NULL,NULL,NULL,NULL,NULL,NULL,NULL,NULL),(95,6,3,NULL,NULL,NULL,NULL,NULL,NULL,NULL,NULL,'1500.00',NULL,NULL,'21000.00','0.00','1500.00',NULL,NULL,NULL,NULL,NULL,NULL,NULL,'2019-05-20 00:00:00','2019-06-19 00:00:00',NULL,NULL,NULL,NULL,NULL,NULL,NULL,NULL,NULL,NULL,'F',NULL,NULL,NULL,NULL,NULL,NULL,NULL,NULL,NULL,NULL,NULL,NULL,NULL,NULL,NULL,NULL,NULL,NULL,NULL,NULL,NULL,NULL,NULL,NULL,NULL),(96,6,4,NULL,NULL,NULL,NULL,NULL,NULL,NULL,NULL,'1500.00',NULL,NULL,'21000.00','0.00','1500.00',NULL,NULL,NULL,NULL,NULL,NULL,NULL,'2019-06-20 00:00:00','2019-07-19 00:00:00',NULL,NULL,NULL,NULL,NULL,NULL,NULL,NULL,NULL,NULL,'F',NULL,NULL,NULL,NULL,NULL,NULL,NULL,NULL,NULL,NULL,NULL,NULL,NULL,NULL,NULL,NULL,NULL,NULL,NULL,NULL,NULL,NULL,NULL,NULL,NULL),(97,6,5,NULL,NULL,NULL,NULL,NULL,NULL,NULL,NULL,'1500.00',NULL,NULL,'21000.00','0.00','1500.00',NULL,NULL,NULL,NULL,NULL,NULL,NULL,'2019-07-20 00:00:00','2019-08-19 00:00:00',NULL,NULL,NULL,NULL,NULL,NULL,NULL,NULL,NULL,NULL,'F',NULL,NULL,NULL,NULL,NULL,NULL,NULL,NULL,NULL,NULL,NULL,NULL,NULL,NULL,NULL,NULL,NULL,NULL,NULL,NULL,NULL,NULL,NULL,NULL,NULL),(98,6,6,NULL,NULL,NULL,NULL,NULL,NULL,NULL,NULL,'1500.00',NULL,NULL,'21000.00','0.00','1500.00',NULL,NULL,NULL,NULL,NULL,NULL,NULL,'2019-08-20 00:00:00','2019-09-19 00:00:00',NULL,NULL,NULL,NULL,NULL,NULL,NULL,NULL,NULL,NULL,'F',NULL,NULL,NULL,NULL,NULL,NULL,NULL,NULL,NULL,NULL,NULL,NULL,NULL,NULL,NULL,NULL,NULL,NULL,NULL,NULL,NULL,NULL,NULL,NULL,NULL),(99,6,7,NULL,NULL,NULL,NULL,NULL,NULL,NULL,NULL,'1500.00',NULL,NULL,'21000.00','0.00','1500.00',NULL,NULL,NULL,NULL,NULL,NULL,NULL,'2019-09-20 00:00:00','2019-10-19 00:00:00',NULL,NULL,NULL,NULL,NULL,NULL,NULL,NULL,NULL,NULL,'F',NULL,NULL,NULL,NULL,NULL,NULL,NULL,NULL,NULL,NULL,NULL,NULL,NULL,NULL,NULL,NULL,NULL,NULL,NULL,NULL,NULL,NULL,NULL,NULL,NULL),(100,6,8,NULL,NULL,NULL,NULL,NULL,NULL,NULL,NULL,'1500.00',NULL,NULL,'21000.00','0.00','1500.00',NULL,NULL,NULL,NULL,NULL,NULL,NULL,'2019-10-20 00:00:00','2019-11-19 00:00:00',NULL,NULL,NULL,NULL,NULL,NULL,NULL,NULL,NULL,NULL,'F',NULL,NULL,NULL,NULL,NULL,NULL,NULL,NULL,NULL,NULL,NULL,NULL,NULL,NULL,NULL,NULL,NULL,NULL,NULL,NULL,NULL,NULL,NULL,NULL,NULL),(101,6,9,NULL,NULL,NULL,NULL,NULL,NULL,NULL,NULL,'1500.00',NULL,NULL,'21000.00','0.00','1500.00',NULL,NULL,NULL,NULL,NULL,NULL,NULL,'2019-11-20 00:00:00','2019-12-19 00:00:00',NULL,NULL,NULL,NULL,NULL,NULL,NULL,NULL,NULL,NULL,'F',NULL,NULL,NULL,NULL,NULL,NULL,NULL,NULL,NULL,NULL,NULL,NULL,NULL,NULL,NULL,NULL,NULL,NULL,NULL,NULL,NULL,NULL,NULL,NULL,NULL),(102,6,10,NULL,NULL,NULL,NULL,NULL,NULL,NULL,NULL,'1500.00',NULL,NULL,'21000.00','0.00','1500.00',NULL,NULL,NULL,NULL,NULL,NULL,NULL,'2019-12-20 00:00:00','2020-01-19 00:00:00',NULL,NULL,NULL,NULL,NULL,NULL,NULL,NULL,NULL,NULL,'F',NULL,NULL,NULL,NULL,NULL,NULL,NULL,NULL,NULL,NULL,NULL,NULL,NULL,NULL,NULL,NULL,NULL,NULL,NULL,NULL,NULL,NULL,NULL,NULL,NULL),(103,6,11,NULL,NULL,NULL,NULL,NULL,NULL,NULL,NULL,'1500.00',NULL,NULL,'21000.00','0.00','1500.00',NULL,NULL,NULL,NULL,NULL,NULL,NULL,'2020-01-20 00:00:00','2020-02-19 00:00:00',NULL,NULL,NULL,NULL,NULL,NULL,NULL,NULL,NULL,NULL,'F',NULL,NULL,NULL,NULL,NULL,NULL,NULL,NULL,NULL,NULL,NULL,NULL,NULL,NULL,NULL,NULL,NULL,NULL,NULL,NULL,NULL,NULL,NULL,NULL,NULL),(104,6,12,NULL,NULL,NULL,NULL,NULL,NULL,NULL,NULL,'1500.00',NULL,NULL,'21000.00','0.00','1500.00',NULL,NULL,NULL,NULL,NULL,NULL,NULL,'2020-02-20 00:00:00','2020-03-19 00:00:00',NULL,NULL,NULL,NULL,NULL,NULL,NULL,NULL,NULL,NULL,'F',NULL,NULL,NULL,NULL,NULL,NULL,NULL,NULL,NULL,NULL,NULL,NULL,NULL,NULL,NULL,NULL,NULL,NULL,NULL,NULL,NULL,NULL,NULL,NULL,NULL);

/*Table structure for table `prh_rmdev` */

DROP TABLE IF EXISTS `prh_rmdev`;

CREATE TABLE `prh_rmdev` (
  `id` int(9) NOT NULL AUTO_INCREMENT,
  `roomno` varchar(60) DEFAULT NULL,
  `sta` char(2) DEFAULT NULL,
  `code` varchar(60) DEFAULT NULL,
  `devclass` varchar(60) DEFAULT NULL,
  `devname` varchar(60) DEFAULT NULL,
  `devnumb` int(9) DEFAULT NULL,
  `brand` varchar(60) DEFAULT NULL,
  `model` varchar(60) DEFAULT NULL,
  `standard` varchar(60) DEFAULT NULL,
  `color` varchar(60) DEFAULT NULL,
  `price` int(9) DEFAULT NULL,
  `buydate` date DEFAULT NULL,
  `mntdate` date DEFAULT NULL,
  `drate` int(9) DEFAULT NULL,
  `nprice` int(9) DEFAULT NULL,
  `refer` varchar(60) DEFAULT NULL,
  `logid` varchar(60) DEFAULT NULL,
  `logshift` varchar(60) DEFAULT NULL,
  `logip` varchar(60) DEFAULT NULL,
  `logdate` date DEFAULT NULL,
  `logupdate` date DEFAULT NULL,
  PRIMARY KEY (`id`)
) ENGINE=InnoDB DEFAULT CHARSET=utf8;

/*Data for the table `prh_rmdev` */

/*Table structure for table `prh_temp_live_man` */

DROP TABLE IF EXISTS `prh_temp_live_man`;

CREATE TABLE `prh_temp_live_man` (
  `ID` double NOT NULL AUTO_INCREMENT,
  `MASTER_ID` double DEFAULT NULL,
  `GUESTNO` varchar(50) DEFAULT NULL,
  `BDATE` datetime DEFAULT NULL,
  `EDATE` datetime DEFAULT NULL,
  `DEL` double DEFAULT NULL,
  `IDEN_PWD` varchar(50) DEFAULT NULL,
  PRIMARY KEY (`ID`)
) ENGINE=InnoDB AUTO_INCREMENT=2 DEFAULT CHARSET=utf8;

/*Data for the table `prh_temp_live_man` */

insert  into `prh_temp_live_man`(`ID`,`MASTER_ID`,`GUESTNO`,`BDATE`,`EDATE`,`DEL`,`IDEN_PWD`) values (1,5,'03181928415860001',NULL,NULL,NULL,NULL);

/*Table structure for table `profile` */

DROP TABLE IF EXISTS `profile`;

CREATE TABLE `profile` (
  `guestno` varchar(100) NOT NULL,
  `class` char(1) DEFAULT 'G',
  `sta` char(1) DEFAULT 'I',
  `sno` varchar(25) DEFAULT '',
  `cno` varchar(20) DEFAULT '',
  `name` varchar(50) DEFAULT NULL,
  `fname` varchar(30) DEFAULT '',
  `lname` varchar(30) DEFAULT '',
  `name2` varchar(50) DEFAULT '',
  `name3` varchar(50) DEFAULT '',
  `src` varchar(3) DEFAULT '',
  `mkt` varchar(3) DEFAULT '',
  `vip` char(1) DEFAULT '0',
  `sex` varchar(10) DEFAULT '1',
  `lang` char(1) DEFAULT 'C',
  `title` varchar(10) DEFAULT '',
  `birth` date DEFAULT NULL,
  `race` char(2) DEFAULT '',
  `religion` char(2) DEFAULT '',
  `education` char(2) DEFAULT '',
  `occupation` char(2) DEFAULT '',
  `nation` char(20) DEFAULT 'CN',
  `idcls` char(3) DEFAULT '',
  `idno` varchar(20) DEFAULT '',
  `idend` date DEFAULT NULL,
  `visaid` char(1) DEFAULT NULL,
  `visaend` date DEFAULT NULL,
  `visano` varchar(20) DEFAULT NULL,
  `visaunit` char(4) DEFAULT NULL,
  `rjplace` char(3) DEFAULT NULL,
  `rjdate` date DEFAULT NULL,
  `cusno` varchar(30) DEFAULT '',
  `company` varchar(60) DEFAULT '',
  `saleid` varchar(10) DEFAULT '',
  `liason` varchar(20) DEFAULT '',
  `liason1` varchar(30) DEFAULT '',
  `country` char(3) DEFAULT 'CN',
  `state` char(3) DEFAULT '',
  `city` char(6) DEFAULT '',
  `street` varchar(200) DEFAULT '',
  `zip` varchar(6) DEFAULT '',
  `mobile` varchar(20) DEFAULT '',
  `phone` varchar(20) DEFAULT '',
  `fax` varchar(20) DEFAULT '',
  `wetsite` varchar(30) DEFAULT '',
  `email` varchar(30) DEFAULT '',
  `country1` char(3) DEFAULT 'CN',
  `state1` char(3) DEFAULT '',
  `city1` char(6) DEFAULT '',
  `street1` varchar(50) DEFAULT '',
  `zip1` varchar(6) DEFAULT '',
  `mobile1` varchar(20) DEFAULT '',
  `phone1` varchar(20) DEFAULT '',
  `fax1` varchar(20) DEFAULT '',
  `email1` varchar(30) DEFAULT '',
  `bank` varchar(3) DEFAULT NULL,
  `bankno` varchar(20) DEFAULT NULL,
  `refer` varchar(100) DEFAULT NULL,
  `fancy1` varchar(100) DEFAULT NULL,
  `fancy2` varchar(100) DEFAULT NULL,
  `fancy3` varchar(100) DEFAULT NULL,
  `remark` varchar(200) DEFAULT NULL,
  `class1` varchar(3) DEFAULT '0',
  `class2` varchar(3) DEFAULT '0',
  `class3` varchar(3) DEFAULT '0',
  `code1` varchar(10) DEFAULT NULL,
  `code2` varchar(10) DEFAULT NULL,
  `code3` varchar(10) DEFAULT NULL,
  `crtid` varchar(10) DEFAULT NULL,
  `crtdate` date DEFAULT NULL,
  `logid` varchar(10) DEFAULT NULL,
  `logdate` date DEFAULT NULL,
  `logmark` int(8) DEFAULT '0',
  `orgid` varchar(3) DEFAULT '000',
  `logupdate` date DEFAULT NULL,
  `estate_id` int(8) DEFAULT NULL,
  PRIMARY KEY (`guestno`)
) ENGINE=InnoDB DEFAULT CHARSET=utf8;

/*Data for the table `profile` */

insert  into `profile`(`guestno`,`class`,`sta`,`sno`,`cno`,`name`,`fname`,`lname`,`name2`,`name3`,`src`,`mkt`,`vip`,`sex`,`lang`,`title`,`birth`,`race`,`religion`,`education`,`occupation`,`nation`,`idcls`,`idno`,`idend`,`visaid`,`visaend`,`visano`,`visaunit`,`rjplace`,`rjdate`,`cusno`,`company`,`saleid`,`liason`,`liason1`,`country`,`state`,`city`,`street`,`zip`,`mobile`,`phone`,`fax`,`wetsite`,`email`,`country1`,`state1`,`city1`,`street1`,`zip1`,`mobile1`,`phone1`,`fax1`,`email1`,`bank`,`bankno`,`refer`,`fancy1`,`fancy2`,`fancy3`,`remark`,`class1`,`class2`,`class3`,`code1`,`code2`,`code3`,`crtid`,`crtdate`,`logid`,`logdate`,`logmark`,`orgid`,`logupdate`,`estate_id`) values ('03181922136630000','G','I',NULL,NULL,'Stephanos',NULL,NULL,NULL,NULL,NULL,NULL,NULL,'1',NULL,NULL,NULL,NULL,NULL,NULL,NULL,'加拿大','1','421154199312218114',NULL,NULL,NULL,NULL,NULL,NULL,NULL,NULL,NULL,NULL,NULL,NULL,NULL,NULL,NULL,'5800 Rue d\'Iberville',NULL,'13565461232',NULL,NULL,NULL,'stephanos@lanvac.com',NULL,NULL,NULL,NULL,NULL,NULL,NULL,NULL,NULL,NULL,NULL,NULL,NULL,NULL,NULL,NULL,NULL,NULL,NULL,NULL,NULL,NULL,NULL,NULL,NULL,NULL,NULL,NULL,NULL,NULL),('03181928415860001','G','I',NULL,NULL,'sdf?',NULL,NULL,NULL,NULL,NULL,NULL,NULL,'1',NULL,NULL,NULL,NULL,NULL,NULL,NULL,'','1','421126192312218116',NULL,NULL,NULL,NULL,NULL,NULL,NULL,NULL,NULL,NULL,NULL,NULL,NULL,NULL,NULL,'sdf',NULL,'12945641232',NULL,NULL,NULL,'',NULL,NULL,NULL,NULL,NULL,NULL,NULL,NULL,NULL,NULL,NULL,NULL,NULL,NULL,NULL,NULL,NULL,NULL,NULL,NULL,NULL,NULL,NULL,NULL,NULL,NULL,NULL,NULL,NULL,NULL),('03201412367070000','G','I',NULL,NULL,'猪大姐',NULL,NULL,NULL,NULL,NULL,NULL,NULL,'0',NULL,NULL,NULL,NULL,NULL,NULL,NULL,'','1','421345199312218116',NULL,NULL,NULL,NULL,NULL,NULL,NULL,NULL,NULL,NULL,NULL,NULL,NULL,NULL,NULL,'省道',NULL,'13745631212',NULL,NULL,NULL,'',NULL,NULL,NULL,NULL,NULL,NULL,NULL,NULL,NULL,NULL,NULL,NULL,NULL,NULL,NULL,NULL,NULL,NULL,NULL,NULL,NULL,NULL,NULL,NULL,NULL,NULL,NULL,NULL,NULL,NULL),('7721b7fd-7c03-4b68-b7cb-57625b4459c2','G','I',NULL,NULL,'rgtsf',NULL,NULL,NULL,NULL,NULL,NULL,NULL,'1',NULL,NULL,NULL,NULL,NULL,NULL,NULL,'','1','421126199312218116',NULL,NULL,NULL,NULL,NULL,NULL,NULL,NULL,NULL,NULL,NULL,NULL,NULL,NULL,NULL,'333',NULL,'12333332345',NULL,NULL,NULL,'',NULL,NULL,NULL,NULL,NULL,NULL,NULL,NULL,NULL,NULL,NULL,NULL,NULL,NULL,NULL,NULL,NULL,NULL,NULL,NULL,NULL,NULL,NULL,NULL,NULL,NULL,NULL,NULL,NULL,NULL),('89758082-8585-4512-afbb-5658636f3870','G','I',NULL,NULL,'李',NULL,NULL,NULL,NULL,NULL,NULL,NULL,'1',NULL,NULL,NULL,NULL,NULL,NULL,NULL,'','1','421126199312218113',NULL,NULL,NULL,NULL,NULL,NULL,NULL,NULL,NULL,NULL,NULL,NULL,NULL,NULL,NULL,'qwer',NULL,'12345678900',NULL,NULL,NULL,'',NULL,NULL,NULL,NULL,NULL,NULL,NULL,NULL,NULL,NULL,NULL,NULL,NULL,NULL,NULL,NULL,NULL,NULL,NULL,NULL,NULL,NULL,NULL,NULL,NULL,NULL,NULL,NULL,NULL,NULL),('cda67ea3-1f3e-4dbb-b17c-b2d6fc310916','G','I',NULL,NULL,'grgt',NULL,NULL,NULL,NULL,NULL,NULL,NULL,'1',NULL,NULL,NULL,NULL,NULL,NULL,NULL,'','1','421126299312218116',NULL,NULL,NULL,NULL,NULL,NULL,NULL,NULL,NULL,NULL,NULL,NULL,NULL,NULL,NULL,'gbrsd',NULL,'14323234534',NULL,NULL,NULL,'',NULL,NULL,NULL,NULL,NULL,NULL,NULL,NULL,NULL,NULL,NULL,NULL,NULL,NULL,NULL,NULL,NULL,NULL,NULL,NULL,NULL,NULL,NULL,NULL,NULL,NULL,NULL,NULL,NULL,NULL),('ce78f849-5382-4c4b-97ab-1c6bab092fa3','G','I',NULL,NULL,'老猪',NULL,NULL,NULL,NULL,NULL,NULL,NULL,'1',NULL,NULL,NULL,NULL,NULL,NULL,NULL,'','1','421126199312248116',NULL,NULL,NULL,NULL,NULL,NULL,NULL,NULL,NULL,NULL,NULL,NULL,NULL,NULL,NULL,'老猪大道',NULL,'15812345678',NULL,NULL,NULL,'',NULL,NULL,NULL,NULL,NULL,NULL,NULL,NULL,NULL,NULL,NULL,NULL,NULL,NULL,NULL,NULL,NULL,NULL,NULL,NULL,NULL,NULL,NULL,NULL,NULL,NULL,NULL,NULL,NULL,NULL),('e38ba830-0855-48c4-83af-3e115888cd33','G','I',NULL,NULL,'Jerry Lee',NULL,NULL,NULL,NULL,NULL,NULL,NULL,'1',NULL,NULL,NULL,NULL,NULL,NULL,NULL,'加拿大','1','424326199312148114',NULL,NULL,NULL,NULL,NULL,NULL,NULL,NULL,NULL,NULL,NULL,NULL,NULL,NULL,NULL,'80 Shield Court',NULL,'15845645656',NULL,NULL,NULL,'jerry@ametagroup.com',NULL,NULL,NULL,NULL,NULL,NULL,NULL,NULL,NULL,NULL,NULL,NULL,NULL,NULL,NULL,NULL,NULL,NULL,NULL,NULL,NULL,NULL,NULL,NULL,NULL,NULL,NULL,NULL,NULL,NULL),('f651c58a-fa1a-4ab3-9797-a415b28b62b5','G','I',NULL,NULL,'大',NULL,NULL,NULL,NULL,NULL,NULL,NULL,'1',NULL,NULL,NULL,NULL,NULL,NULL,NULL,'','1','421126199312218114',NULL,NULL,NULL,NULL,NULL,NULL,NULL,NULL,NULL,NULL,NULL,NULL,NULL,NULL,NULL,'sdfadfds',NULL,'12342342345',NULL,NULL,NULL,'',NULL,NULL,NULL,NULL,NULL,NULL,NULL,NULL,NULL,NULL,NULL,NULL,NULL,NULL,NULL,NULL,NULL,NULL,NULL,NULL,NULL,NULL,NULL,NULL,NULL,NULL,NULL,NULL,NULL,NULL);

/*Table structure for table `rent_menu` */

DROP TABLE IF EXISTS `rent_menu`;

CREATE TABLE `rent_menu` (
  `ID` varchar(64) NOT NULL,
  `PARENT_ID` varchar(64) NOT NULL,
  `PARENT_IDS` text NOT NULL,
  `NAME` varchar(100) NOT NULL,
  `SORT` int(11) NOT NULL,
  `HREF` text,
  `TARGET` varchar(20) DEFAULT NULL,
  `ICON` varchar(100) DEFAULT NULL,
  `IS_SHOW` varchar(1) NOT NULL,
  `PERMISSION` varchar(200) DEFAULT NULL,
  `CREATE_BY` varchar(64) NOT NULL,
  `CREATE_DATE` datetime NOT NULL,
  `UPDATE_BY` varchar(64) NOT NULL,
  `UPDATE_DATE` datetime NOT NULL,
  `REMARKS` varchar(255) DEFAULT NULL,
  `DEL_FLAG` varchar(1) NOT NULL DEFAULT '0',
  PRIMARY KEY (`ID`)
) ENGINE=InnoDB DEFAULT CHARSET=utf8;

/*Data for the table `rent_menu` */

insert  into `rent_menu`(`ID`,`PARENT_ID`,`PARENT_IDS`,`NAME`,`SORT`,`HREF`,`TARGET`,`ICON`,`IS_SHOW`,`PERMISSION`,`CREATE_BY`,`CREATE_DATE`,`UPDATE_BY`,`UPDATE_DATE`,`REMARKS`,`DEL_FLAG`) values ('1','0','0,1,','台账',-1,NULL,NULL,NULL,'1',NULL,'1','2017-06-04 08:43:54','1','2017-06-04 08:43:54',NULL,'0'),('100','64','0,14,333,64,','第三方维修',1,'/sys/repaire/submit',NULL,NULL,'1',NULL,'1','2017-05-07 16:22:02','1','2017-05-07 16:22:02',NULL,'0'),('101','0','0.','报表统计',35,NULL,NULL,NULL,'1',NULL,'1','2017-06-04 08:43:54','1','2017-06-04 08:43:54',NULL,'0'),('102','101','0.101','日报表',1,'/../dayReport.do',NULL,NULL,'1',NULL,'1','2017-06-04 08:43:54','1','2017-06-04 08:43:54',NULL,'0'),('103','101','0.101','月报表',2,'/../monthReport.do',NULL,NULL,'1',NULL,'1','2017-06-04 08:43:54','1','2017-06-04 08:43:54',NULL,'0'),('104','101','0.101','租户统计',3,'/../renterReport.do',NULL,NULL,'1',NULL,'1','2017-06-04 08:43:54','1','2017-06-04 08:43:54',NULL,'0'),('105','2','0,3','门锁管理',67,'/../lockManage.do',NULL,NULL,'1',NULL,'1','2017-06-01 15:52:12','1','2017-06-01 15:52:12',NULL,'0'),('11','8','0,8','报修登记',11,'/sys/rent/list/',NULL,NULL,'1',NULL,'1','2017-05-07 06:45:22','1','2017-05-07 06:45:22',NULL,'0'),('12','8','0,8,','现场查验',12,'/sys/repaire/check',NULL,NULL,'1',NULL,'1','2017-05-07 06:45:22','1','2017-05-07 06:45:22',NULL,'0'),('13','8','0,8,','报修管理',13,'/sys/repaire/manage',NULL,NULL,'1',NULL,'1','2017-05-07 06:45:22','1','2017-05-07 06:45:22',NULL,'0'),('15','3','0,1,','入住受理',15,'/../prHouseDrawing',NULL,NULL,'1',NULL,'1','2017-05-09 08:43:54','1','2017-05-09 08:43:54',NULL,'0'),('16','5','0,5,','单位档案',16,'/../prUtilFile',NULL,NULL,'1',NULL,'1','2017-05-10 09:49:54','1','2017-05-10 09:49:54',NULL,'0'),('17','5','0.5','房源档案',17,'/../prHouseFileByCondition',NULL,NULL,'1',NULL,'1','2017-05-11 09:02:22','1','2017-05-11 09:03:22',NULL,'0'),('18','5','0,5','租户档案',18,'/../prMasterFile',NULL,NULL,'1',NULL,'1','2017-05-07 06:45:22','1','2017-05-07 06:45:22',NULL,'0'),('2','0','0,','房源管理',2,NULL,NULL,NULL,'1',NULL,'1','2017-05-07 06:45:22','1','2017-05-07 06:45:22',NULL,'0'),('3','0','0,','租户管理',3,NULL,NULL,NULL,'1',NULL,'1','2017-05-07 06:45:22','1','2017-05-07 06:45:22',NULL,'0'),('32','2','0.2.','房源信息',32,'/../findPrHouseByEstatePaged.do',NULL,NULL,'1',NULL,'1','2017-05-17 14:13:11','1','2017-05-17 14:13:11',NULL,'0'),('33','6','0.6.','退租/验房',33,'/../findMasterByCondition.do',NULL,NULL,'1',NULL,'1','2017-05-18 13:49:40','1','2017-05-18 13:49:40',NULL,'0'),('34','0','0,','财务收费',34,NULL,NULL,NULL,'1',NULL,'1','2017-05-19 18:11:54','1','2017-05-19 18:11:54',NULL,'0'),('35','34','0,34,','日常合同扣租',35,'/../dailyContractRental',NULL,NULL,'1',NULL,'1','2017-05-19 18:11:54','1','2017-05-19 18:11:54',NULL,'0'),('36','34','0,34,','租金核算',36,'/../rentAccounting',NULL,NULL,'1',NULL,'1','2017-05-19 18:11:54','1','2017-05-19 18:11:54',NULL,'0'),('37','34','0,34,','退租结算清帐',37,'/../leaseSettlementClearing',NULL,NULL,'1',NULL,'1','2017-05-19 18:11:54','1','2017-05-19 18:11:54',NULL,'0'),('38','34','0,34,','租金调整审核',38,'/../rentAdjustmentAudit',NULL,NULL,'1',NULL,'1','2017-05-19 18:11:54','1','2017-05-19 18:11:54',NULL,'0'),('5','0','0,','档案管理',5,NULL,NULL,NULL,'1',NULL,'1','2017-05-07 06:45:22','1','2017-05-07 06:45:22',NULL,'0'),('6','0','0,','解约退租管理',6,NULL,NULL,NULL,'1',NULL,'1','2017-05-07 06:45:22','1','2017-05-07 06:45:22',NULL,'0'),('62','3','0.3.','业务记录管理',62,'/../findCheckInRecord.do',NULL,NULL,'1',NULL,'1','2017-05-21 11:43:37','1','2017-05-21 11:43:37',NULL,'0'),('63','3','0.3.','续租管理',63,'/../findReletPaged.do',NULL,NULL,'1',NULL,'1','2017-05-21 11:43:43','1','2017-05-21 11:43:43',NULL,'0'),('64','333','0,14','第三方维修',1,'/sys/repaire/submit',NULL,NULL,'1',NULL,'1','2017-05-07 16:22:02','1','2017-05-07 16:22:02',NULL,'0'),('66','1','0,65,','台账',66,'/../ledger',NULL,NULL,'1',NULL,'1','2017-06-04 08:43:54','1','2017-06-04 08:43:54',NULL,'0'),('8','0','0,','报修管理',8,NULL,NULL,NULL,'1',NULL,'1','2017-05-07 06:45:22','1','2017-05-07 06:45:22',NULL,'0'),('81','3','0.3.','门锁用户管理',81,'/../findCode.do',NULL,NULL,'1',NULL,'1','2017-06-01 15:52:12','1','2017-06-01 15:52:12',NULL,'0');

/*Table structure for table `rent_pay_way` */

DROP TABLE IF EXISTS `rent_pay_way`;

CREATE TABLE `rent_pay_way` (
  `ID` int(11) NOT NULL AUTO_INCREMENT,
  `NAME` varchar(50) DEFAULT NULL,
  `DEPOSIT_PAY` int(11) DEFAULT NULL,
  `RENT_PAY` int(11) DEFAULT NULL,
  `mode` varchar(50) DEFAULT NULL,
  `DAY_OR_MONTH` int(11) DEFAULT NULL,
  `DESCRIPT1` varchar(100) DEFAULT NULL,
  `DESCRIPT2` varchar(100) DEFAULT NULL,
  `DESCRIPT3` varchar(100) DEFAULT NULL,
  PRIMARY KEY (`ID`)
) ENGINE=InnoDB AUTO_INCREMENT=224 DEFAULT CHARSET=utf8;

/*Data for the table `rent_pay_way` */

insert  into `rent_pay_way`(`ID`,`NAME`,`DEPOSIT_PAY`,`RENT_PAY`,`mode`,`DAY_OR_MONTH`,`DESCRIPT1`,`DESCRIPT2`,`DESCRIPT3`) values (223,'押二付一',2,1,'普通',1,'',NULL,NULL);

/*Table structure for table `repaire` */

DROP TABLE IF EXISTS `repaire`;

CREATE TABLE `repaire` (
  `ID` varchar(64) NOT NULL,
  `ADDRESS` text,
  `ROOM_NUM` varchar(10) DEFAULT NULL,
  `ROOM_TYPE` varchar(100) DEFAULT NULL,
  `ROOM_SIZE` varchar(45) DEFAULT NULL,
  `REPAIRER` varchar(45) DEFAULT NULL,
  `REPAIRER_PHONE` varchar(45) DEFAULT NULL,
  `REPAIRER_TIME` datetime DEFAULT NULL,
  `REPAIRE_TYPE` varchar(45) DEFAULT NULL,
  `COMMENTS` text,
  `APPROVAL_STATUS` varchar(45) DEFAULT NULL,
  `STATUS` varchar(45) DEFAULT NULL,
  `ISDELETE` varchar(5) DEFAULT 'false',
  `FLOOR` varchar(5) DEFAULT NULL,
  `CHECKER` varchar(45) DEFAULT NULL,
  `WORK` varchar(45) DEFAULT NULL,
  `EQUIPMENT` varchar(45) DEFAULT NULL,
  `IMAGE` text,
  `PAYMENT` varchar(10) DEFAULT NULL,
  `START_TIME` datetime DEFAULT NULL,
  `END_TIME` datetime DEFAULT NULL,
  `APPLIER` varchar(45) DEFAULT NULL,
  `THIRD_COM` varchar(100) DEFAULT NULL,
  `VALIDATE_TIME` datetime DEFAULT NULL,
  `MASTERID` int(11) DEFAULT NULL,
  `HOUSEID` int(11) DEFAULT NULL,
  PRIMARY KEY (`ID`)
) ENGINE=InnoDB DEFAULT CHARSET=utf8;

/*Data for the table `repaire` */

/*Table structure for table `repaire_payment` */

DROP TABLE IF EXISTS `repaire_payment`;

CREATE TABLE `repaire_payment` (
  `ID` varchar(50) NOT NULL,
  `PROJECT` varchar(20) DEFAULT NULL,
  `COUNT` decimal(8,2) DEFAULT NULL,
  `PRICE` varchar(10) DEFAULT NULL,
  `REPAIREID` varchar(50) DEFAULT NULL,
  PRIMARY KEY (`ID`)
) ENGINE=InnoDB DEFAULT CHARSET=utf8;

/*Data for the table `repaire_payment` */

/*Table structure for table `rmdev_temp` */

DROP TABLE IF EXISTS `rmdev_temp`;

CREATE TABLE `rmdev_temp` (
  `ID` double NOT NULL AUTO_INCREMENT,
  `ROOMTYPE` varchar(50) DEFAULT NULL,
  `CLA` varchar(30) DEFAULT NULL,
  `EQID` double DEFAULT NULL,
  `NUM` double DEFAULT NULL,
  PRIMARY KEY (`ID`)
) ENGINE=InnoDB DEFAULT CHARSET=utf8;

/*Data for the table `rmdev_temp` */

/*Table structure for table `role` */

DROP TABLE IF EXISTS `role`;

CREATE TABLE `role` (
  `ID` int(11) NOT NULL AUTO_INCREMENT COMMENT 'id',
  `NAME` varchar(30) DEFAULT NULL COMMENT '角色名',
  `MODULES` text COMMENT '模块集合字符串',
  `CREATEUSER` varchar(30) DEFAULT NULL,
  `CREATETIME` datetime DEFAULT NULL,
  `UPDATEUSER` varchar(30) DEFAULT NULL,
  `UPDATETIME` datetime DEFAULT NULL,
  PRIMARY KEY (`ID`)
) ENGINE=InnoDB AUTO_INCREMENT=9 DEFAULT CHARSET=utf8;

/*Data for the table `role` */

insert  into `role`(`ID`,`NAME`,`MODULES`,`CREATEUSER`,`CREATETIME`,`UPDATEUSER`,`UPDATETIME`) values (1,'管理员',NULL,NULL,NULL,NULL,NULL),(8,'第三方维修','62-63-64-61',NULL,NULL,NULL,NULL);

/*Table structure for table `room_type` */

DROP TABLE IF EXISTS `room_type`;

CREATE TABLE `room_type` (
  `ID` int(11) NOT NULL AUTO_INCREMENT,
  `NO` varchar(50) DEFAULT NULL,
  `NAME` varchar(50) NOT NULL,
  `DESCRIPT` varchar(50) DEFAULT NULL,
  `REMARK` varchar(50) DEFAULT NULL,
  `NOW_DATE` datetime DEFAULT NULL,
  PRIMARY KEY (`ID`)
) ENGINE=InnoDB AUTO_INCREMENT=667 DEFAULT CHARSET=utf8;

/*Data for the table `room_type` */

insert  into `room_type`(`ID`,`NO`,`NAME`,`DESCRIPT`,`REMARK`,`NOW_DATE`) values (664,NULL,'两室一厅',NULL,'还行吧','2019-03-12 19:27:16'),(665,NULL,'三室一厅',NULL,'房间挺多','2019-03-12 19:31:35'),(666,NULL,'单间',NULL,'便宜','2019-03-13 09:15:23');

/*Table structure for table `subsidy` */

DROP TABLE IF EXISTS `subsidy`;

CREATE TABLE `subsidy` (
  `ID` int(11) NOT NULL AUTO_INCREMENT,
  `BEGIN_DATE` datetime DEFAULT NULL,
  `END_DATE` datetime DEFAULT NULL,
  `PER_ONE_AREA` int(11) DEFAULT NULL,
  `MIN_SAFE_AREA` int(11) DEFAULT NULL,
  `MAX_SAFE_AREA` int(11) DEFAULT NULL,
  `MAX_AREA` int(11) DEFAULT NULL,
  `PRICE` decimal(8,2) DEFAULT NULL,
  `IN_PERCENT_ID` int(11) DEFAULT NULL,
  `OUT_PERCENT_ID` int(11) DEFAULT NULL,
  `ESTATE_ID` int(11) DEFAULT NULL,
  `UPDATE_TIME` datetime DEFAULT NULL,
  `UPDATE_USER` int(11) DEFAULT NULL,
  PRIMARY KEY (`ID`),
  KEY `FK_subsidy` (`ESTATE_ID`),
  CONSTRAINT `FK_subsidy` FOREIGN KEY (`ESTATE_ID`) REFERENCES `estate` (`ID`)
) ENGINE=InnoDB DEFAULT CHARSET=utf8;

/*Data for the table `subsidy` */

/*Table structure for table `subsidy_percent` */

DROP TABLE IF EXISTS `subsidy_percent`;

CREATE TABLE `subsidy_percent` (
  `ID` int(11) NOT NULL AUTO_INCREMENT,
  `IN_LOW_OBJECT` decimal(8,2) DEFAULT NULL,
  `IN_LOW` decimal(8,2) DEFAULT NULL,
  `IN_MIDDLE` decimal(8,2) DEFAULT NULL,
  `OUT_LOW_OBJECT` decimal(8,2) DEFAULT NULL,
  `OUT_LOW` decimal(8,2) DEFAULT NULL,
  `OUT_MIDDLE` decimal(8,2) DEFAULT NULL,
  `UPDATE_TIME` decimal(8,2) DEFAULT NULL,
  `UPDATE_USER` decimal(8,2) DEFAULT NULL,
  PRIMARY KEY (`ID`)
) ENGINE=InnoDB DEFAULT CHARSET=utf8;

/*Data for the table `subsidy_percent` */

/*Table structure for table `subsidy_type` */

DROP TABLE IF EXISTS `subsidy_type`;

CREATE TABLE `subsidy_type` (
  `ID` int(11) NOT NULL AUTO_INCREMENT,
  `NAME` varchar(50) DEFAULT NULL,
  PRIMARY KEY (`ID`)
) ENGINE=InnoDB AUTO_INCREMENT=123 DEFAULT CHARSET=utf8;

/*Data for the table `subsidy_type` */

insert  into `subsidy_type`(`ID`,`NAME`) values (102,'公租'),(122,'廉价');

/*Table structure for table `subsidy_with_type` */

DROP TABLE IF EXISTS `subsidy_with_type`;

CREATE TABLE `subsidy_with_type` (
  `ID` int(11) NOT NULL AUTO_INCREMENT,
  `SUBSIDY_ID` int(11) DEFAULT NULL,
  `TYPE_ID` int(11) DEFAULT NULL,
  `IN_OR_OUT` int(11) DEFAULT NULL,
  `PERCENT` decimal(8,4) DEFAULT NULL,
  PRIMARY KEY (`ID`),
  KEY `FK_subsidy_with_type` (`SUBSIDY_ID`),
  KEY `FK_subsidy_with_type1` (`TYPE_ID`),
  CONSTRAINT `FK_subsidy_with_type` FOREIGN KEY (`SUBSIDY_ID`) REFERENCES `subsidy` (`ID`),
  CONSTRAINT `FK_subsidy_with_type1` FOREIGN KEY (`TYPE_ID`) REFERENCES `subsidy_type` (`ID`)
) ENGINE=InnoDB DEFAULT CHARSET=utf8;

/*Data for the table `subsidy_with_type` */

/*Table structure for table `users` */

DROP TABLE IF EXISTS `users`;

CREATE TABLE `users` (
  `ID` int(11) NOT NULL AUTO_INCREMENT COMMENT 'id',
  `NAME` varchar(30) DEFAULT NULL COMMENT '用户名',
  `PWD` varchar(30) DEFAULT NULL COMMENT '密码',
  `SEX` tinyint(4) DEFAULT NULL COMMENT '性别',
  `PHONE` varchar(30) DEFAULT NULL COMMENT '电话',
  `ADDRESS` varchar(30) DEFAULT NULL COMMENT '地址',
  `ESTATE_ID` int(11) DEFAULT NULL COMMENT '物业id',
  `ROLES` varchar(100) DEFAULT NULL COMMENT '角色集合字符串',
  `CREATEUSER` varchar(30) DEFAULT NULL,
  `CREATETIME` datetime DEFAULT NULL,
  `UPDATEUSER` varchar(30) DEFAULT NULL,
  `UPDATETIME` datetime DEFAULT NULL,
  `DEL` double DEFAULT NULL COMMENT '是否被删除',
  PRIMARY KEY (`ID`),
  KEY `FK_users` (`ESTATE_ID`),
  CONSTRAINT `FK_users` FOREIGN KEY (`ESTATE_ID`) REFERENCES `estate` (`ID`)
) ENGINE=InnoDB AUTO_INCREMENT=3 DEFAULT CHARSET=utf8;

/*Data for the table `users` */

insert  into `users`(`ID`,`NAME`,`PWD`,`SEX`,`PHONE`,`ADDRESS`,`ESTATE_ID`,`ROLES`,`CREATEUSER`,`CREATETIME`,`UPDATEUSER`,`UPDATETIME`,`DEL`) values (1,'admin','49ba59abbe56e057',NULL,NULL,NULL,NULL,'1',NULL,NULL,NULL,NULL,0),(2,'repairman','49ba59abbe56e057',1,'','',NULL,'8',NULL,NULL,NULL,NULL,0);

/*!40101 SET SQL_MODE=@OLD_SQL_MODE */;
/*!40014 SET FOREIGN_KEY_CHECKS=@OLD_FOREIGN_KEY_CHECKS */;
/*!40014 SET UNIQUE_CHECKS=@OLD_UNIQUE_CHECKS */;
/*!40111 SET SQL_NOTES=@OLD_SQL_NOTES */;
