-- MySQL dump 10.14  Distrib 5.5.60-MariaDB, for Linux (x86_64)
--
-- Host: localhost    Database: rent
-- ------------------------------------------------------
-- Server version	5.5.60-MariaDB

/*!40101 SET @OLD_CHARACTER_SET_CLIENT=@@CHARACTER_SET_CLIENT */;
/*!40101 SET @OLD_CHARACTER_SET_RESULTS=@@CHARACTER_SET_RESULTS */;
/*!40101 SET @OLD_COLLATION_CONNECTION=@@COLLATION_CONNECTION */;
/*!40101 SET NAMES utf8 */;
/*!40103 SET @OLD_TIME_ZONE=@@TIME_ZONE */;
/*!40103 SET TIME_ZONE='+00:00' */;
/*!40014 SET @OLD_UNIQUE_CHECKS=@@UNIQUE_CHECKS, UNIQUE_CHECKS=0 */;
/*!40014 SET @OLD_FOREIGN_KEY_CHECKS=@@FOREIGN_KEY_CHECKS, FOREIGN_KEY_CHECKS=0 */;
/*!40101 SET @OLD_SQL_MODE=@@SQL_MODE, SQL_MODE='NO_AUTO_VALUE_ON_ZERO' */;
/*!40111 SET @OLD_SQL_NOTES=@@SQL_NOTES, SQL_NOTES=0 */;

--
-- Table structure for table `ATTACHMENT`
--

DROP TABLE IF EXISTS `ATTACHMENT`;
/*!40101 SET @saved_cs_client     = @@character_set_client */;
/*!40101 SET character_set_client = utf8 */;
CREATE TABLE `ATTACHMENT` (
  `ID` int(11) NOT NULL AUTO_INCREMENT,
  `NAME` varchar(100) DEFAULT NULL,
  `TYPE` tinyint(4) DEFAULT NULL,
  `MASTER_ID` int(11) NOT NULL,
  `UPLOAD_TIME` datetime DEFAULT NULL,
  `REMARK` varchar(50) DEFAULT NULL,
  PRIMARY KEY (`ID`),
  KEY `FK_ATTACHMENT` (`MASTER_ID`),
  CONSTRAINT `FK_ATTACHMENT` FOREIGN KEY (`MASTER_ID`) REFERENCES `PRH_MASTER` (`ID`)
) ENGINE=InnoDB DEFAULT CHARSET=utf8;
/*!40101 SET character_set_client = @saved_cs_client */;

--
-- Dumping data for table `ATTACHMENT`
--

LOCK TABLES `ATTACHMENT` WRITE;
/*!40000 ALTER TABLE `ATTACHMENT` DISABLE KEYS */;
/*!40000 ALTER TABLE `ATTACHMENT` ENABLE KEYS */;
UNLOCK TABLES;

--
-- Table structure for table `BUILDING`
--

DROP TABLE IF EXISTS `BUILDING`;
/*!40101 SET @saved_cs_client     = @@character_set_client */;
/*!40101 SET character_set_client = utf8 */;
CREATE TABLE `BUILDING` (
  `ID` varchar(50) NOT NULL,
  `NAME` varchar(50) DEFAULT NULL,
  `BUILDINGNOCODE` text,
  `ESTATE_ID` int(11) DEFAULT NULL,
  `REMARK` varchar(50) DEFAULT NULL,
  `POSITION_X` int(11) DEFAULT NULL,
  `POSITION_Y` int(11) DEFAULT NULL,
  PRIMARY KEY (`ID`),
  KEY `FK_BUILDING` (`ESTATE_ID`),
  CONSTRAINT `FK_BUILDING` FOREIGN KEY (`ESTATE_ID`) REFERENCES `ESTATE` (`ID`)
) ENGINE=InnoDB DEFAULT CHARSET=utf8;
/*!40101 SET character_set_client = @saved_cs_client */;

--
-- Dumping data for table `BUILDING`
--

LOCK TABLES `BUILDING` WRITE;
/*!40000 ALTER TABLE `BUILDING` DISABLE KEYS */;
INSERT INTO `BUILDING` VALUES ('12-1','1','1单元、2单元、3单元、4单元、5单元、6单元、7单元、8单元',12,NULL,104,116),('13-1','1','1单元、2单元、3单元、4单元、5单元、6单元、7单元、8单元',13,NULL,129,192),('13-2','2','1单元、2单元、3单元、4单元、5单元、6单元、7单元、8单元',13,NULL,206,228),('13-3','3','1单元、2单元、3单元、4单元、5单元、6单元、7单元、8单元',13,NULL,278,195);
/*!40000 ALTER TABLE `BUILDING` ENABLE KEYS */;
UNLOCK TABLES;

--
-- Table structure for table `BUILDING_FLOOR`
--

DROP TABLE IF EXISTS `BUILDING_FLOOR`;
/*!40101 SET @saved_cs_client     = @@character_set_client */;
/*!40101 SET character_set_client = utf8 */;
CREATE TABLE `BUILDING_FLOOR` (
  `ID` int(11) NOT NULL AUTO_INCREMENT,
  `NAME` varchar(50) DEFAULT NULL,
  `ENGLISH_NAME` varchar(50) DEFAULT NULL,
  `REMARK` varchar(50) DEFAULT NULL,
  PRIMARY KEY (`ID`)
) ENGINE=InnoDB AUTO_INCREMENT=9 DEFAULT CHARSET=utf8;
/*!40101 SET character_set_client = @saved_cs_client */;

--
-- Dumping data for table `BUILDING_FLOOR`
--

LOCK TABLES `BUILDING_FLOOR` WRITE;
/*!40000 ALTER TABLE `BUILDING_FLOOR` DISABLE KEYS */;
INSERT INTO `BUILDING_FLOOR` VALUES (1,'1层','1 Floor',NULL),(2,'2层','2 Floor',NULL),(3,'3层','3 Floor',NULL),(4,'4层','4 Floor',NULL),(5,'5层','5 Floor',NULL),(6,'6层','6 Floor',NULL),(7,'7层','7 Floor',NULL),(8,'8层','8 Floor',NULL);
/*!40000 ALTER TABLE `BUILDING_FLOOR` ENABLE KEYS */;
UNLOCK TABLES;

--
-- Table structure for table `BUILDING_NO`
--

DROP TABLE IF EXISTS `BUILDING_NO`;
/*!40101 SET @saved_cs_client     = @@character_set_client */;
/*!40101 SET character_set_client = utf8 */;
CREATE TABLE `BUILDING_NO` (
  `ID` varchar(50) NOT NULL,
  `NAME` varchar(50) DEFAULT NULL,
  `BUILDING_ID` varchar(50) DEFAULT NULL,
  `DESCRIPT` varchar(50) DEFAULT NULL,
  `ESTATE_ID` int(11) DEFAULT NULL,
  `MONTH_PAY` decimal(8,2) DEFAULT NULL,
  `REMARK` varchar(50) DEFAULT NULL,
  `BUILDINGID` varchar(20) DEFAULT NULL,
  PRIMARY KEY (`ID`),
  KEY `FK_BUILDING_NO` (`ESTATE_ID`),
  CONSTRAINT `FK_BUILDING_NO` FOREIGN KEY (`ESTATE_ID`) REFERENCES `ESTATE` (`ID`)
) ENGINE=InnoDB DEFAULT CHARSET=utf8;
/*!40101 SET character_set_client = @saved_cs_client */;

--
-- Dumping data for table `BUILDING_NO`
--

LOCK TABLES `BUILDING_NO` WRITE;
/*!40000 ALTER TABLE `BUILDING_NO` DISABLE KEYS */;
INSERT INTO `BUILDING_NO` VALUES ('12-1-1','11单元','1',NULL,12,NULL,NULL,NULL),('12-1-2','12单元','1',NULL,12,NULL,NULL,NULL),('12-1-3','13单元','1',NULL,12,NULL,NULL,NULL),('12-1-4','14单元','1',NULL,12,NULL,NULL,NULL),('12-1-5','15单元','1',NULL,12,NULL,NULL,NULL),('12-1-6','16单元','1',NULL,12,NULL,NULL,NULL),('12-1-7','17单元','1',NULL,12,NULL,NULL,NULL),('12-1-8','18单元','1',NULL,12,NULL,NULL,NULL),('13-1-1','11单元','1',NULL,13,NULL,NULL,NULL),('13-1-2','12单元','1',NULL,13,NULL,NULL,NULL),('13-1-3','13单元','1',NULL,13,NULL,NULL,NULL),('13-1-4','14单元','1',NULL,13,NULL,NULL,NULL),('13-1-5','15单元','1',NULL,13,NULL,NULL,NULL),('13-1-6','16单元','1',NULL,13,NULL,NULL,NULL),('13-1-7','17单元','1',NULL,13,NULL,NULL,NULL),('13-1-8','18单元','1',NULL,13,NULL,NULL,NULL),('13-2-1','21单元','2',NULL,13,NULL,NULL,NULL),('13-2-2','22单元','2',NULL,13,NULL,NULL,NULL),('13-2-3','23单元','2',NULL,13,NULL,NULL,NULL),('13-2-4','24单元','2',NULL,13,NULL,NULL,NULL),('13-2-5','25单元','2',NULL,13,NULL,NULL,NULL),('13-2-6','26单元','2',NULL,13,NULL,NULL,NULL),('13-2-7','27单元','2',NULL,13,NULL,NULL,NULL),('13-2-8','28单元','2',NULL,13,NULL,NULL,NULL),('13-3-1','31单元','3',NULL,13,NULL,NULL,NULL),('13-3-2','32单元','3',NULL,13,NULL,NULL,NULL),('13-3-3','33单元','3',NULL,13,NULL,NULL,NULL),('13-3-4','34单元','3',NULL,13,NULL,NULL,NULL),('13-3-5','35单元','3',NULL,13,NULL,NULL,NULL),('13-3-6','36单元','3',NULL,13,NULL,NULL,NULL),('13-3-7','37单元','3',NULL,13,NULL,NULL,NULL),('13-3-8','38单元','3',NULL,13,NULL,NULL,NULL);
/*!40000 ALTER TABLE `BUILDING_NO` ENABLE KEYS */;
UNLOCK TABLES;

--
-- Table structure for table `CARD`
--

DROP TABLE IF EXISTS `CARD`;
/*!40101 SET @saved_cs_client     = @@character_set_client */;
/*!40101 SET character_set_client = utf8 */;
CREATE TABLE `CARD` (
  `ID` int(11) NOT NULL AUTO_INCREMENT,
  `MASTER_ID` int(11) DEFAULT NULL,
  `LINK_ID` int(11) DEFAULT NULL,
  `STATE` int(11) DEFAULT NULL,
  `CREATEUSER` varchar(30) DEFAULT NULL,
  `CREATETIME` datetime DEFAULT NULL,
  `UPDATEUSER` varchar(30) DEFAULT NULL,
  `UPDATETIME` datetime DEFAULT NULL,
  `TYPE` int(11) DEFAULT NULL,
  `IDEN_PWD` varchar(50) DEFAULT NULL,
  `OLD_CARD_ID` int(11) DEFAULT NULL,
  PRIMARY KEY (`ID`)
) ENGINE=InnoDB AUTO_INCREMENT=10007543 DEFAULT CHARSET=utf8;
/*!40101 SET character_set_client = @saved_cs_client */;

--
-- Dumping data for table `CARD`
--

LOCK TABLES `CARD` WRITE;
/*!40000 ALTER TABLE `CARD` DISABLE KEYS */;
/*!40000 ALTER TABLE `CARD` ENABLE KEYS */;
UNLOCK TABLES;

--
-- Table structure for table `DOORLOCKUSER`
--

DROP TABLE IF EXISTS `DOORLOCKUSER`;
/*!40101 SET @saved_cs_client     = @@character_set_client */;
/*!40101 SET character_set_client = utf8 */;
CREATE TABLE `DOORLOCKUSER` (
  `DOORLOCKUSERID` int(9) NOT NULL AUTO_INCREMENT,
  `USERTYPE` int(9) NOT NULL,
  `USERCODE` int(9) NOT NULL,
  `USERNAME` varchar(30) DEFAULT NULL,
  `PHONENUMBER` varchar(30) DEFAULT NULL,
  `PASSWORD` varchar(2048) NOT NULL,
  `VALIDFROM` datetime NOT NULL,
  `VALIDTHROUGH` datetime NOT NULL,
  `CREATETIME` datetime NOT NULL,
  `WEEKDAY` int(9) DEFAULT NULL,
  `STARTTIME` varchar(30) DEFAULT NULL,
  `ENDTIME` varchar(30) DEFAULT NULL,
  `HOUSEID` int(9) NOT NULL,
  `MASTERID` int(9) NOT NULL,
  `DEVICEID` varchar(30) NOT NULL,
  `STATUS` int(9) NOT NULL,
  `SYNSTATUS` int(9) NOT NULL,
  `RECEIPT` varchar(30) NOT NULL,
  `GUESTNO` varchar(60) NOT NULL,
  `REASON` varchar(128) DEFAULT NULL,
  PRIMARY KEY (`DOORLOCKUSERID`)
) ENGINE=InnoDB AUTO_INCREMENT=51 DEFAULT CHARSET=utf8;
/*!40101 SET character_set_client = @saved_cs_client */;

--
-- Dumping data for table `DOORLOCKUSER`
--

LOCK TABLES `DOORLOCKUSER` WRITE;
/*!40000 ALTER TABLE `DOORLOCKUSER` DISABLE KEYS */;
INSERT INTO `DOORLOCKUSER` VALUES (1,1,10,'李大哥','18845644565','tdxlY7kYcibqnOToj5Du+g==','2019-03-14 00:00:00','2019-03-14 23:59:00','2019-03-14 09:29:14',NULL,NULL,NULL,1,1784,'iRemote2005100002115',1,1,'nblock-1552526959339','af3ca1ff-0cb1-4e6a-86b9-079be7758f25',NULL),(2,1,11,'李大爹','12332112345','frUWm2PJGwpWPUN3Ay3QGg==','2019-03-14 00:00:00','2019-03-14 23:59:00','2019-03-14 09:29:56',NULL,NULL,NULL,1,1784,'iRemote2005100002115',1,1,'nblock-1552527001569','03140921132370002',NULL),(3,1,12,'李大姐','12345678912','N84c7TypAyWcr3AVp/j3hw==','2019-03-14 00:00:00','2019-03-14 23:59:00','2019-03-14 09:30:31',NULL,NULL,NULL,1,1784,'iRemote2005100002115',1,1,'nblock-1552527035898','03140920343550001',NULL),(8,1,10,'Jerry Lee','19054151234','GlOXtmdsOtytcg4c0ra4vA==','2019-03-18 00:00:00','2019-03-19 23:59:00','2019-03-18 15:14:18',NULL,NULL,NULL,3,1785,'iRemote2005100002169',1,1,'nblock-1552893258416','e0542fe4-ac6a-424f-bb4e-c1418db67a4f',NULL),(9,1,11,'Jerry Lee','19054151234','5IJJdbg4FCjbu/dbRnXNBw==','2019-03-18 00:00:00','2019-03-20 23:59:00','2019-03-18 15:16:43',NULL,NULL,NULL,3,1785,'iRemote2005100002169',1,1,'nblock-1552893403335','e0542fe4-ac6a-424f-bb4e-c1418db67a4f',NULL),(21,3,10,'张三','13128770758','CA376F00','2019-03-19 00:00:00','2019-03-19 23:59:00','2019-03-19 11:43:30',NULL,NULL,NULL,2,1786,'iRemote2005100002115',1,1,'nblock-1552967007224','afe10843-d659-4483-873a-b5f6c6c57c15',NULL),(22,3,11,'张三','13128770758','96AF6269','2019-03-19 00:00:00','2019-03-19 23:59:00','2019-03-19 12:12:28',NULL,NULL,NULL,2,1786,'iRemote2005100002115',1,1,'nblock-1552968744906','afe10843-d659-4483-873a-b5f6c6c57c15',NULL),(23,3,12,'张三','13128770758','96EDC82A','2019-03-19 00:00:00','2019-03-19 23:59:00','2019-03-19 12:15:36',NULL,NULL,NULL,2,1786,'iRemote2005100002115',1,1,'nblock-1552968933188','afe10843-d659-4483-873a-b5f6c6c57c15',NULL),(24,1,13,'张三','13128770758','uPrc9U2kTYKQXmVm9oRBMQ==','2019-03-19 00:00:00','2019-03-19 23:59:00','2019-03-19 12:18:10',NULL,NULL,NULL,2,1786,'iRemote2005100002115',1,1,'nblock-1552969087237','afe10843-d659-4483-873a-b5f6c6c57c15',NULL),(25,1,14,'张三','13128770758','O06FQbPl920qtYLWGM6AUA==','2019-03-19 00:00:00','2019-03-19 23:59:00','2019-03-19 12:21:44',NULL,NULL,NULL,2,1786,'iRemote2005100002115',1,1,'nblock-1552969300622','afe10843-d659-4483-873a-b5f6c6c57c15',NULL),(26,3,15,'张三','13128770758','1C191575','2019-03-19 00:00:00','2019-03-30 23:59:00','2019-03-19 12:48:01',NULL,NULL,NULL,2,1786,'iRemote2005100002115',1,1,'nblock-1552970877720','afe10843-d659-4483-873a-b5f6c6c57c15',NULL),(27,3,16,'张三','13128770758','1C191576','2019-03-19 00:00:00','2019-03-20 23:59:00','2019-03-19 12:49:25',NULL,NULL,NULL,2,1786,'iRemote2005100002115',1,1,'nblock-1552970961598','afe10843-d659-4483-873a-b5f6c6c57c15',NULL),(28,1,17,'张三','13128770758','3CqViHQ/W2poLg+k5b9JcQ==','2019-03-19 00:00:00','2019-03-20 23:59:00','2019-03-19 12:50:28',NULL,NULL,NULL,2,1786,'iRemote2005100002115',1,1,'nblock-1552971024837','afe10843-d659-4483-873a-b5f6c6c57c15',NULL),(29,1,18,'网关','13128550758','If2py3xQfgCz6OVoZQzIqQ==','2019-03-19 00:00:00','2019-03-21 23:59:00','2019-03-19 12:51:35',NULL,NULL,NULL,2,1786,'iRemote2005100002115',1,1,'nblock-1552971091596','03141046004720000',NULL),(30,3,19,'张三','13128770758','96EDC829','2019-03-19 00:00:00','2019-03-29 23:59:00','2019-03-19 12:53:33',NULL,NULL,NULL,2,1786,'iRemote2005100002115',1,1,'nblock-1552971210076','afe10843-d659-4483-873a-b5f6c6c57c15',NULL),(31,1,20,'张三','13128770758','aY0gGYfgWqDaOFWuhohKag==','2019-03-19 00:00:00','2019-03-21 23:59:00','2019-03-19 12:54:55',NULL,NULL,NULL,2,1786,'iRemote2005100002115',1,1,'nblock-1552971291585','afe10843-d659-4483-873a-b5f6c6c57c15',NULL),(32,1,21,'张三','13128770758','SQr+SW4lxpKmg2+ihCKIbw==','2019-03-19 00:00:00','2019-03-20 23:59:00','2019-03-19 12:56:21',NULL,NULL,NULL,2,1786,'iRemote2005100002115',1,1,'nblock-1552971377718','afe10843-d659-4483-873a-b5f6c6c57c15',NULL),(33,1,22,'张三','13128770758','TThtJLybgBvTermw2D3INw==','2019-03-19 00:00:00','2019-03-20 23:59:00','2019-03-19 12:57:26',NULL,NULL,NULL,2,1786,'iRemote2005100002115',1,1,'nblock-1552971443232','afe10843-d659-4483-873a-b5f6c6c57c15',NULL),(34,1,23,'张三','13128770758','eYFM63cvzppaMBr80EQvyA==','2019-03-19 00:00:00','2019-03-21 23:59:00','2019-03-19 12:58:16',NULL,NULL,NULL,2,1786,'iRemote2005100002115',1,1,'nblock-1552971492650','afe10843-d659-4483-873a-b5f6c6c57c15',NULL),(35,3,24,'张三','13128770758','96EDC820','2019-03-19 00:00:00','2019-03-21 23:59:00','2019-03-19 12:59:49',NULL,NULL,NULL,2,1786,'iRemote2005100002115',1,1,'nblock-1552971585593','afe10843-d659-4483-873a-b5f6c6c57c15',NULL),(36,1,25,'网关','13128550758','4RbJe1qZwezIzUPxQocFIA==','2019-03-19 00:00:00','2019-03-21 23:59:00','2019-03-19 13:39:33',NULL,NULL,NULL,2,1786,'iRemote2005100002115',1,1,'nblock-1552973969648','03141046004720000',NULL),(37,3,26,'张三','13128770758','C82A96ED','2019-03-19 00:00:00','2019-03-21 23:59:00','2019-03-19 13:43:19',NULL,NULL,NULL,2,1786,'iRemote2005100002115',1,1,'nblock-1552974196442','afe10843-d659-4483-873a-b5f6c6c57c15',NULL),(38,3,27,'张三','13128770758','C82A95F0','2019-03-19 00:00:00','2019-03-22 23:59:00','2019-03-19 13:48:21',NULL,NULL,NULL,2,1786,'iRemote2005100002115',1,1,'nblock-1552974497902','afe10843-d659-4483-873a-b5f6c6c57c15',NULL),(39,3,28,'张三','13128770758','BC12F332','2019-03-19 00:00:00','2019-03-20 23:59:00','2019-03-19 13:49:40',NULL,NULL,NULL,2,1786,'iRemote2005100002115',1,1,'nblock-1552974577239','afe10843-d659-4483-873a-b5f6c6c57c15',NULL),(40,1,15,'Jerry Lee','19054151234','nzqzqoTFcnrqoaW4K6Ap9w==','2019-03-19 00:00:00','2019-03-27 23:59:00','2019-03-19 14:26:08',NULL,NULL,NULL,3,1785,'iRemote2005100002169',1,1,'nblock-1552976764429','e0542fe4-ac6a-424f-bb4e-c1418db67a4f',NULL),(41,3,16,'Jerry Lee','19054151234','2BE2A2F2','2019-03-19 00:00:00','2019-03-30 23:59:00','2019-03-19 14:28:37',NULL,NULL,NULL,3,1785,'iRemote2005100002169',1,1,'nblock-1552976913448','e0542fe4-ac6a-424f-bb4e-c1418db67a4f',NULL),(42,3,17,'Jerry Lee','19054151234','0CAF8149','2019-03-19 00:00:00','2019-03-28 23:59:00','2019-03-19 14:29:08',NULL,NULL,NULL,3,1785,'iRemote2005100002169',1,1,'nblock-1552976945233','e0542fe4-ac6a-424f-bb4e-c1418db67a4f',NULL),(43,1,29,'张三','13128770758','tecs5SbMCBWD60MQhS3bsg==','2019-03-19 00:00:00','2019-03-19 23:59:00','2019-03-19 15:19:36',NULL,NULL,NULL,2,1786,'iRemote2005100002115',0,0,'nblock-1552979972489','afe10843-d659-4483-873a-b5f6c6c57c15',NULL),(44,3,30,'张三','13128770758','CA376F01','2019-03-19 00:00:00','2019-03-19 23:59:00','2019-03-19 15:19:49',NULL,NULL,NULL,2,1786,'iRemote2005100002115',0,0,'nblock-1552979985509','afe10843-d659-4483-873a-b5f6c6c57c15',NULL),(45,1,31,'网关','13128550758','ExuTln1BmRJEb5o4L4Zf0g==','2019-03-19 00:00:00','2019-03-19 23:59:00','2019-03-19 15:49:14',NULL,NULL,NULL,2,1786,'iRemote2005100002115',1,1,'nblock-1552981750814','03141046004720000',NULL),(46,3,32,'网关','13128550758','CA376F02','2019-03-19 00:00:00','2019-03-19 23:59:00','2019-03-19 15:49:34',NULL,NULL,NULL,2,1786,'iRemote2005100002115',1,1,'nblock-1552981770976','03141046004720000',NULL),(47,3,12,'Jerry Lee','19054151234','2BC4B112','2019-03-19 00:00:00','2019-03-28 23:59:00','2019-03-19 17:02:39',NULL,NULL,NULL,3,1785,'iRemote2005100002169',1,1,'nblock-1552986155955','e0542fe4-ac6a-424f-bb4e-c1418db67a4f',NULL),(48,3,13,'Jerry Lee','19054151234','211B4CB2','2019-03-19 00:00:00','2019-03-27 23:59:00','2019-03-19 17:14:24',NULL,NULL,NULL,3,1785,'iRemote2005100002169',1,1,'nblock-1552986860856','e0542fe4-ac6a-424f-bb4e-c1418db67a4f',NULL),(49,3,14,'Jerry Lee','19054151234','12B1C42B','2019-03-19 00:00:00','2019-03-20 23:59:00','2019-03-19 17:19:59',NULL,NULL,NULL,3,1785,'iRemote2005100002169',1,1,'nblock-1552987195870','e0542fe4-ac6a-424f-bb4e-c1418db67a4f',NULL),(50,1,33,'网关','13128550758','8/hPjHYNFly0YAd44P6kNw==','2019-03-19 00:00:00','2019-03-19 23:59:00','2019-03-19 18:33:14',NULL,NULL,NULL,2,1786,'iRemote2005100002115',1,1,'nblock-1552991590800','03141046004720000',NULL);
/*!40000 ALTER TABLE `DOORLOCKUSER` ENABLE KEYS */;
UNLOCK TABLES;

--
-- Table structure for table `EQUIPMENT`
--

DROP TABLE IF EXISTS `EQUIPMENT`;
/*!40101 SET @saved_cs_client     = @@character_set_client */;
/*!40101 SET character_set_client = utf8 */;
CREATE TABLE `EQUIPMENT` (
  `ID` double NOT NULL AUTO_INCREMENT,
  `NAME` varchar(30) DEFAULT NULL,
  `PRICE` double NOT NULL,
  `TYPE` double DEFAULT NULL,
  PRIMARY KEY (`ID`)
) ENGINE=InnoDB AUTO_INCREMENT=67 DEFAULT CHARSET=utf8;
/*!40101 SET character_set_client = @saved_cs_client */;

--
-- Dumping data for table `EQUIPMENT`
--

LOCK TABLES `EQUIPMENT` WRITE;
/*!40000 ALTER TABLE `EQUIPMENT` DISABLE KEYS */;
INSERT INTO `EQUIPMENT` VALUES (63,'空调',2000,2),(64,'钥匙',25,1),(66,'门',100,2);
/*!40000 ALTER TABLE `EQUIPMENT` ENABLE KEYS */;
UNLOCK TABLES;

--
-- Table structure for table `ESTATE`
--

DROP TABLE IF EXISTS `ESTATE`;
/*!40101 SET @saved_cs_client     = @@character_set_client */;
/*!40101 SET character_set_client = utf8 */;
CREATE TABLE `ESTATE` (
  `ID` int(11) NOT NULL AUTO_INCREMENT,
  `NAME` varchar(50) DEFAULT NULL,
  `TYPE_ID` int(11) DEFAULT NULL,
  `ADDRESS` varchar(50) DEFAULT NULL,
  `REMARK` varchar(100) DEFAULT NULL,
  `PRICE` decimal(8,2) DEFAULT NULL,
  `AUTHOR_CODE` varchar(30) DEFAULT NULL,
  `PHONE` varchar(20) DEFAULT NULL,
  `MAP_PIC` varchar(200) DEFAULT NULL,
  PRIMARY KEY (`ID`),
  KEY `FK_ESTATE` (`TYPE_ID`),
  CONSTRAINT `FK_ESTATE` FOREIGN KEY (`TYPE_ID`) REFERENCES `ESTATE_TYPE` (`ID`)
) ENGINE=InnoDB AUTO_INCREMENT=14 DEFAULT CHARSET=utf8;
/*!40101 SET character_set_client = @saved_cs_client */;

--
-- Dumping data for table `ESTATE`
--

LOCK TABLES `ESTATE` WRITE;
/*!40000 ALTER TABLE `ESTATE` DISABLE KEYS */;
INSERT INTO `ESTATE` VALUES (12,'展滔',1,'','',NULL,'031320040631700001480153','666','map1552531408729816984102.PNG'),(13,'万科大厦',1,'','',NULL,'031320294545800002766478','075589745896','map1552531389029-834356147.png');
/*!40000 ALTER TABLE `ESTATE` ENABLE KEYS */;
UNLOCK TABLES;

--
-- Table structure for table `ESTATE_TYPE`
--

DROP TABLE IF EXISTS `ESTATE_TYPE`;
/*!40101 SET @saved_cs_client     = @@character_set_client */;
/*!40101 SET character_set_client = utf8 */;
CREATE TABLE `ESTATE_TYPE` (
  `ID` int(11) NOT NULL AUTO_INCREMENT,
  `NAME` varchar(50) DEFAULT NULL,
  PRIMARY KEY (`ID`)
) ENGINE=InnoDB AUTO_INCREMENT=4 DEFAULT CHARSET=utf8;
/*!40101 SET character_set_client = @saved_cs_client */;

--
-- Dumping data for table `ESTATE_TYPE`
--

LOCK TABLES `ESTATE_TYPE` WRITE;
/*!40000 ALTER TABLE `ESTATE_TYPE` DISABLE KEYS */;
INSERT INTO `ESTATE_TYPE` VALUES (1,'公租'),(2,'廉租房'),(3,'限价房');
/*!40000 ALTER TABLE `ESTATE_TYPE` ENABLE KEYS */;
UNLOCK TABLES;

--
-- Table structure for table `HISTORY_IDEN_PWD`
--

DROP TABLE IF EXISTS `HISTORY_IDEN_PWD`;
/*!40101 SET @saved_cs_client     = @@character_set_client */;
/*!40101 SET character_set_client = utf8 */;
CREATE TABLE `HISTORY_IDEN_PWD` (
  `ID` int(11) NOT NULL AUTO_INCREMENT,
  `MASTER_ID` int(11) NOT NULL,
  `LINK_ID` int(11) DEFAULT NULL,
  `IDEN_PWD` varchar(50) DEFAULT NULL,
  `CREATE_USER` int(11) DEFAULT NULL,
  `CREATE_TIME` datetime DEFAULT NULL,
  PRIMARY KEY (`ID`)
) ENGINE=InnoDB DEFAULT CHARSET=utf8;
/*!40101 SET character_set_client = @saved_cs_client */;

--
-- Dumping data for table `HISTORY_IDEN_PWD`
--

LOCK TABLES `HISTORY_IDEN_PWD` WRITE;
/*!40000 ALTER TABLE `HISTORY_IDEN_PWD` DISABLE KEYS */;
/*!40000 ALTER TABLE `HISTORY_IDEN_PWD` ENABLE KEYS */;
UNLOCK TABLES;

--
-- Table structure for table `HOUSE_SPACE`
--

DROP TABLE IF EXISTS `HOUSE_SPACE`;
/*!40101 SET @saved_cs_client     = @@character_set_client */;
/*!40101 SET character_set_client = utf8 */;
CREATE TABLE `HOUSE_SPACE` (
  `ID` int(11) NOT NULL AUTO_INCREMENT,
  `HOUSE_ID` int(11) NOT NULL,
  `BEGIN_DATE` datetime DEFAULT NULL,
  `END_DATE` datetime DEFAULT NULL,
  PRIMARY KEY (`ID`),
  KEY `FK_HOUSE_SPACE` (`HOUSE_ID`),
  CONSTRAINT `FK_HOUSE_SPACE` FOREIGN KEY (`HOUSE_ID`) REFERENCES `PR_HOUSE` (`ID`)
) ENGINE=InnoDB AUTO_INCREMENT=302 DEFAULT CHARSET=utf8;
/*!40101 SET character_set_client = @saved_cs_client */;

--
-- Dumping data for table `HOUSE_SPACE`
--

LOCK TABLES `HOUSE_SPACE` WRITE;
/*!40000 ALTER TABLE `HOUSE_SPACE` DISABLE KEYS */;
/*!40000 ALTER TABLE `HOUSE_SPACE` ENABLE KEYS */;
UNLOCK TABLES;

--
-- Table structure for table `MODULE`
--

DROP TABLE IF EXISTS `MODULE`;
/*!40101 SET @saved_cs_client     = @@character_set_client */;
/*!40101 SET character_set_client = utf8 */;
CREATE TABLE `MODULE` (
  `ID` int(11) NOT NULL AUTO_INCREMENT,
  `NAME` varchar(20) DEFAULT NULL,
  `MENU_ID` int(11) DEFAULT NULL,
  `PID` int(11) DEFAULT NULL,
  `LEVELS` int(11) DEFAULT NULL,
  `CREATEUSER` varchar(30) DEFAULT NULL,
  `CREATETIME` datetime DEFAULT NULL,
  `UPDATEUSER` varchar(30) DEFAULT NULL,
  `UPDATETIME` datetime DEFAULT NULL,
  PRIMARY KEY (`ID`)
) ENGINE=InnoDB AUTO_INCREMENT=110 DEFAULT CHARSET=utf8;
/*!40101 SET character_set_client = @saved_cs_client */;

--
-- Dumping data for table `MODULE`
--

LOCK TABLES `MODULE` WRITE;
/*!40000 ALTER TABLE `MODULE` DISABLE KEYS */;
INSERT INTO `MODULE` VALUES (1,'全部',NULL,NULL,0,NULL,NULL,NULL,NULL),(2,'房源管理',2,0,1,NULL,NULL,NULL,NULL),(3,'租户管理',3,0,1,NULL,NULL,NULL,NULL),(4,'解约退租管理',6,0,1,NULL,NULL,NULL,NULL),(5,'档案管理',5,0,1,NULL,NULL,NULL,NULL),(6,'财务收费',34,0,1,NULL,NULL,NULL,NULL),(7,'台账',1,0,1,NULL,NULL,NULL,NULL),(8,'报修管理',8,0,1,NULL,NULL,NULL,NULL),(9,'房源信息',32,2,2,NULL,NULL,NULL,NULL),(10,'入住受理',15,3,2,NULL,NULL,NULL,NULL),(11,'业务记录管理',62,3,2,NULL,NULL,NULL,NULL),(12,'续租管理',63,3,2,NULL,NULL,NULL,NULL),(13,'门锁用户管理',81,3,2,NULL,NULL,NULL,NULL),(14,'打印合同',NULL,11,3,NULL,NULL,NULL,NULL),(16,'修改',NULL,11,3,NULL,NULL,NULL,NULL),(17,'删除',NULL,11,3,NULL,NULL,NULL,NULL),(18,'续租申请',NULL,12,3,NULL,NULL,NULL,NULL),(20,'修改',NULL,12,3,NULL,NULL,NULL,NULL),(21,'删除',NULL,12,3,NULL,NULL,NULL,NULL),(22,'门锁用户管理',NULL,13,3,NULL,NULL,NULL,NULL),(26,'单位档案',16,5,2,NULL,NULL,NULL,NULL),(27,'房源档案',17,5,2,NULL,NULL,NULL,NULL),(28,'租户档案',18,5,2,NULL,NULL,NULL,NULL),(29,'日常合同扣租',35,6,2,NULL,NULL,NULL,NULL),(30,'租金核算',36,6,2,NULL,NULL,NULL,NULL),(31,'退租结算清账',37,6,2,NULL,NULL,NULL,NULL),(32,'租金调整审核',38,6,2,NULL,NULL,NULL,NULL),(33,'台账',66,7,2,NULL,NULL,NULL,NULL),(34,'退租/验房',33,4,2,NULL,NULL,NULL,NULL),(35,'申请退租',NULL,34,3,NULL,NULL,NULL,NULL),(36,'确认退租',NULL,34,3,NULL,NULL,NULL,NULL),(37,'打印单据',NULL,34,3,NULL,NULL,NULL,NULL),(38,'报修申请',NULL,34,3,NULL,NULL,NULL,NULL),(39,'修改',NULL,34,3,NULL,NULL,NULL,NULL),(40,'删除',NULL,34,3,NULL,NULL,NULL,NULL),(41,'单位租户明细',NULL,26,3,NULL,NULL,NULL,NULL),(42,'查看房间历史租户',NULL,27,3,NULL,NULL,NULL,NULL),(43,'查看配套设备',NULL,27,3,NULL,NULL,NULL,NULL),(45,'批量添加设备(模板)',NULL,27,3,NULL,NULL,NULL,NULL),(46,'结算',NULL,29,3,NULL,NULL,NULL,NULL),(47,'核算',NULL,30,3,NULL,NULL,NULL,NULL),(48,'退租结算',NULL,31,3,NULL,NULL,NULL,NULL),(49,'复选调价',NULL,32,3,NULL,NULL,NULL,NULL),(50,'批量调价',NULL,32,3,NULL,NULL,NULL,NULL),(51,'报修登记',11,8,2,NULL,NULL,NULL,NULL),(52,'现场查验',12,8,2,NULL,NULL,NULL,NULL),(53,'报修管理',13,8,2,NULL,NULL,NULL,NULL),(54,'报修申请',NULL,51,3,NULL,NULL,NULL,NULL),(55,'现场查验',NULL,52,3,NULL,NULL,NULL,NULL),(56,'打印单据',NULL,52,3,NULL,NULL,NULL,NULL),(57,'提交维修方',NULL,53,3,NULL,NULL,NULL,NULL),(58,'打印交办单',NULL,53,3,NULL,NULL,NULL,NULL),(59,'验收',NULL,53,3,NULL,NULL,NULL,NULL),(60,'打印单据',NULL,53,3,NULL,NULL,NULL,NULL),(61,'第三方维修',NULL,-1,1,NULL,NULL,NULL,NULL),(62,'第三方维修',NULL,61,2,NULL,NULL,NULL,NULL),(63,'维修中',NULL,62,3,NULL,NULL,NULL,NULL),(64,'维修完成',NULL,62,3,NULL,NULL,NULL,NULL),(65,'入住登记',NULL,10,3,NULL,NULL,NULL,NULL),(66,'租户信息查看',NULL,10,3,NULL,NULL,NULL,NULL),(67,'电子附件',NULL,11,3,NULL,NULL,NULL,NULL),(68,'修改',NULL,109,3,NULL,NULL,NULL,NULL),(69,'删除附件',NULL,11,3,NULL,NULL,NULL,NULL),(70,'上传',NULL,11,3,NULL,NULL,NULL,NULL),(76,'打印合同',NULL,12,3,NULL,NULL,NULL,NULL),(77,'报表统计',101,0,1,NULL,NULL,NULL,NULL),(78,'日报表',102,77,2,NULL,NULL,NULL,NULL),(79,'月报表',103,77,2,NULL,NULL,NULL,NULL),(80,'租户统计',104,77,2,NULL,NULL,NULL,NULL),(81,'查看租户信息',NULL,11,3,NULL,NULL,NULL,NULL),(100,'新增',NULL,9,3,NULL,NULL,NULL,NULL),(101,'修改',NULL,9,3,NULL,NULL,NULL,NULL),(102,'删除',NULL,9,3,NULL,NULL,NULL,NULL),(103,'批量导入',NULL,9,3,NULL,NULL,NULL,NULL),(104,'锁定',NULL,9,3,NULL,NULL,NULL,NULL),(105,'解锁',NULL,9,3,NULL,NULL,NULL,NULL),(107,'作废',NULL,29,3,NULL,NULL,NULL,NULL),(109,'门锁管理',105,2,2,NULL,NULL,NULL,NULL);
/*!40000 ALTER TABLE `MODULE` ENABLE KEYS */;
UNLOCK TABLES;

--
-- Table structure for table `PAYMENT_CODE`
--

DROP TABLE IF EXISTS `PAYMENT_CODE`;
/*!40101 SET @saved_cs_client     = @@character_set_client */;
/*!40101 SET character_set_client = utf8 */;
CREATE TABLE `PAYMENT_CODE` (
  `ID` int(11) NOT NULL AUTO_INCREMENT,
  `NAME` varchar(50) DEFAULT NULL,
  `GROUP` varchar(50) DEFAULT NULL,
  `IS_PAY` varchar(50) DEFAULT NULL,
  `PAY` decimal(8,2) DEFAULT NULL,
  PRIMARY KEY (`ID`)
) ENGINE=InnoDB DEFAULT CHARSET=utf8;
/*!40101 SET character_set_client = @saved_cs_client */;

--
-- Dumping data for table `PAYMENT_CODE`
--

LOCK TABLES `PAYMENT_CODE` WRITE;
/*!40000 ALTER TABLE `PAYMENT_CODE` DISABLE KEYS */;
/*!40000 ALTER TABLE `PAYMENT_CODE` ENABLE KEYS */;
UNLOCK TABLES;

--
-- Table structure for table `PRH_LINKMAN`
--

DROP TABLE IF EXISTS `PRH_LINKMAN`;
/*!40101 SET @saved_cs_client     = @@character_set_client */;
/*!40101 SET character_set_client = utf8 */;
CREATE TABLE `PRH_LINKMAN` (
  `ID` int(11) NOT NULL AUTO_INCREMENT,
  `MASTER_ID` int(11) DEFAULT NULL,
  `GUESTNO` varchar(100) DEFAULT NULL,
  `FLAG` varchar(1) DEFAULT 'F',
  `LINK` varchar(10) DEFAULT NULL,
  `ARRDATE` timestamp NOT NULL DEFAULT CURRENT_TIMESTAMP,
  `REFER` varchar(50) DEFAULT NULL,
  `STA` varchar(1) DEFAULT NULL,
  `DEPDATE` datetime DEFAULT NULL,
  `ARRFILENO` varchar(20) DEFAULT NULL,
  `DEPFILENO` varchar(20) DEFAULT NULL,
  `HOME` int(11) DEFAULT '0',
  `HOMES` int(11) DEFAULT '1',
  `SUBSIDY_TYPE_ID` int(11) DEFAULT NULL,
  `DEL` tinyint(4) DEFAULT NULL,
  `ADDTIME` datetime DEFAULT NULL,
  `DELTIME` datetime DEFAULT NULL,
  `PHOTO` varchar(200) DEFAULT NULL,
  PRIMARY KEY (`ID`)
) ENGINE=InnoDB AUTO_INCREMENT=7 DEFAULT CHARSET=utf8;
/*!40101 SET character_set_client = @saved_cs_client */;

--
-- Dumping data for table `PRH_LINKMAN`
--

LOCK TABLES `PRH_LINKMAN` WRITE;
/*!40000 ALTER TABLE `PRH_LINKMAN` DISABLE KEYS */;
INSERT INTO `PRH_LINKMAN` VALUES (4,1784,'03140920343550001',NULL,'夫妻','2019-03-14 01:20:39',NULL,NULL,NULL,NULL,NULL,NULL,NULL,-1,NULL,'2019-03-14 09:20:34',NULL,NULL),(5,1786,'03141046004720000',NULL,'其他','2019-03-14 02:46:00',NULL,NULL,NULL,NULL,NULL,NULL,NULL,-1,NULL,'2019-03-14 10:46:00',NULL,NULL),(6,1789,'03141139527620000',NULL,'','2019-03-14 03:39:57',NULL,NULL,NULL,NULL,NULL,NULL,NULL,-1,NULL,'2019-03-14 11:39:52',NULL,NULL);
/*!40000 ALTER TABLE `PRH_LINKMAN` ENABLE KEYS */;
UNLOCK TABLES;

--
-- Table structure for table `PRH_MASTER`
--

DROP TABLE IF EXISTS `PRH_MASTER`;
/*!40101 SET @saved_cs_client     = @@character_set_client */;
/*!40101 SET character_set_client = utf8 */;
CREATE TABLE `PRH_MASTER` (
  `ID` int(11) NOT NULL AUTO_INCREMENT,
  `ORG_ID` varchar(3) DEFAULT NULL,
  `GUEST_NO` varchar(100) DEFAULT NULL,
  `HOUSE_ID` int(11) DEFAULT NULL,
  `STA` varchar(1) DEFAULT NULL,
  `TYPE` varchar(10) DEFAULT NULL,
  `SRC` varchar(3) DEFAULT NULL,
  `FILE_NO` varchar(20) DEFAULT NULL,
  `BDATE` datetime DEFAULT NULL,
  `EDATE` datetime DEFAULT NULL,
  `RATE` decimal(8,2) DEFAULT '0.00',
  `SETRATE` decimal(8,2) DEFAULT '0.00',
  `REASON` varchar(50) DEFAULT NULL,
  `NUMBS` int(11) DEFAULT '1',
  `ARRTIME` datetime DEFAULT NULL,
  `DEP` datetime DEFAULT NULL,
  `ARR1` datetime DEFAULT NULL,
  `DEP1` datetime DEFAULT NULL,
  `DEPOSIT` decimal(8,2) DEFAULT '0.00',
  `RENT_CODE` int(11) DEFAULT NULL,
  `RENT_DATE` datetime DEFAULT NULL,
  `REMARK` varchar(100) DEFAULT NULL,
  `PAYMENT` decimal(8,2) DEFAULT '0.00',
  `EXPEND` decimal(8,2) DEFAULT '0.00',
  `CRT` varchar(50) DEFAULT NULL,
  `CRTTIME` datetime DEFAULT NULL,
  `RES` varchar(10) DEFAULT NULL,
  `RESTIME` datetime DEFAULT NULL,
  `CON` varchar(50) DEFAULT NULL,
  `CONTIME` datetime DEFAULT NULL,
  `CI` varchar(50) DEFAULT NULL,
  `CITIME` datetime DEFAULT NULL,
  `CO` varchar(50) DEFAULT NULL,
  `COTIME` datetime DEFAULT NULL,
  `LOGID` varchar(10) DEFAULT NULL,
  `LOG_NAME` varchar(20) DEFAULT NULL,
  `LOG_DATE` timestamp NOT NULL DEFAULT CURRENT_TIMESTAMP,
  `LOG_MARK` int(11) DEFAULT '0',
  `BANK_FLAG` varchar(1) DEFAULT 'F',
  `BANK` varchar(5) DEFAULT NULL,
  `BANK_NO` varchar(20) DEFAULT NULL,
  `DEP_FLAG` varchar(1) DEFAULT 'F',
  `DEP_APPLY` datetime DEFAULT NULL,
  `DEP_FILE_NO` varchar(20) DEFAULT NULL,
  `REL_FLAG` varchar(1) DEFAULT 'F',
  `RELID` varchar(10) DEFAULT NULL,
  `REL_DATE` datetime DEFAULT NULL,
  `REFER1` varchar(100) DEFAULT NULL,
  `REFER2` varchar(100) DEFAULT NULL,
  `REFER3` varchar(100) DEFAULT NULL,
  `REFER4` varchar(100) DEFAULT NULL,
  `BDATE2` datetime DEFAULT NULL,
  `CUSNO` varchar(50) DEFAULT NULL,
  `PRCODE` varchar(1) DEFAULT 'F',
  `PDCODE` varchar(1) DEFAULT 'F',
  `LOG_UPDATE` datetime DEFAULT NULL,
  `BANK_REF` varchar(80) DEFAULT NULL,
  `TAG1` varchar(30) DEFAULT NULL,
  `TAG2` varchar(30) DEFAULT NULL,
  `TAG3` varchar(30) DEFAULT NULL,
  `TAG4` varchar(30) DEFAULT NULL,
  `PIC_IDENTITY` varchar(200) DEFAULT NULL,
  `PIC_PHOTO` varchar(200) DEFAULT NULL,
  `PHYSICS_CARD_ID` varchar(50) DEFAULT NULL,
  `DOOR_LOCK` varchar(50) DEFAULT NULL,
  `UPDATE_TIME` datetime DEFAULT NULL,
  `UPDATE_USER` int(11) DEFAULT NULL,
  `SUBSIDY_TYPE_ID` int(11) DEFAULT NULL,
  `OLD_MASTER_ID` int(11) DEFAULT NULL,
  `NEW_MASTER_ID` int(11) DEFAULT NULL,
  `CREATEUSER` varchar(30) DEFAULT NULL,
  `CREATETIME` datetime DEFAULT NULL,
  `TUIMONEY` decimal(8,2) DEFAULT NULL,
  `TUIDATE` datetime DEFAULT NULL,
  `TUIDESPOSIT` decimal(8,2) DEFAULT NULL,
  `COLLECT_MONEY` decimal(8,2) DEFAULT NULL,
  `BATCH` varchar(50) DEFAULT NULL,
  PRIMARY KEY (`ID`),
  KEY `FK_PRH_MASTER1` (`GUEST_NO`),
  KEY `SUBSIDY_TYPE_ID` (`SUBSIDY_TYPE_ID`),
  KEY `FK_PRH_MASTER` (`RENT_CODE`),
  KEY `FK_PRH_MASTER2` (`HOUSE_ID`),
  CONSTRAINT `FK_PRH_MASTER2` FOREIGN KEY (`HOUSE_ID`) REFERENCES `PR_HOUSE` (`ID`),
  CONSTRAINT `FK_PRH_MASTER` FOREIGN KEY (`RENT_CODE`) REFERENCES `RENT_PAY_WAY` (`ID`),
  CONSTRAINT `FK_PRH_MASTER1` FOREIGN KEY (`GUEST_NO`) REFERENCES `PROFILE` (`GUESTNO`),
  CONSTRAINT `PRH_MASTER_IBFK_1` FOREIGN KEY (`SUBSIDY_TYPE_ID`) REFERENCES `SUBSIDY_TYPE` (`ID`)
) ENGINE=InnoDB AUTO_INCREMENT=1790 DEFAULT CHARSET=utf8;
/*!40101 SET character_set_client = @saved_cs_client */;

--
-- Dumping data for table `PRH_MASTER`
--

LOCK TABLES `PRH_MASTER` WRITE;
/*!40000 ALTER TABLE `PRH_MASTER` DISABLE KEYS */;
INSERT INTO `PRH_MASTER` VALUES (1784,NULL,'af3ca1ff-0cb1-4e6a-86b9-079be7758f25',1,'1',NULL,NULL,NULL,'2019-03-14 00:00:00','2020-03-13 00:00:00',3000.00,0.00,NULL,2,NULL,NULL,NULL,'2019-03-14 00:00:00',3000.00,226,'2020-03-13 00:00:00',NULL,NULL,NULL,NULL,NULL,NULL,NULL,NULL,NULL,NULL,NULL,NULL,NULL,NULL,NULL,'2019-03-13 16:00:00',NULL,NULL,NULL,'','0',NULL,NULL,NULL,NULL,NULL,'',NULL,NULL,NULL,NULL,NULL,NULL,NULL,NULL,NULL,'00001','000001','','','','',NULL,NULL,NULL,NULL,NULL,NULL,NULL,'1','2019-03-14 00:00:00',NULL,NULL,NULL,NULL,'001'),(1785,NULL,'e0542fe4-ac6a-424f-bb4e-c1418db67a4f',3,'1',NULL,NULL,NULL,'2019-03-14 00:00:00','2020-03-13 00:00:00',3000.00,0.00,NULL,1,NULL,NULL,NULL,'2019-03-14 00:00:00',6000.00,223,'2020-03-13 00:00:00',NULL,NULL,NULL,NULL,NULL,NULL,NULL,NULL,NULL,NULL,NULL,NULL,NULL,NULL,NULL,'2019-03-13 16:00:00',NULL,NULL,NULL,'','0',NULL,NULL,NULL,NULL,NULL,'',NULL,NULL,NULL,NULL,NULL,NULL,NULL,NULL,NULL,'002','0002','','','','',NULL,NULL,NULL,NULL,NULL,NULL,NULL,'1','2019-03-14 00:00:00',NULL,NULL,NULL,NULL,'22'),(1786,NULL,'afe10843-d659-4483-873a-b5f6c6c57c15',2,'1',NULL,NULL,NULL,'2019-03-14 00:00:00','2020-03-13 00:00:00',2000.00,0.00,NULL,2,NULL,NULL,NULL,'2019-03-14 00:00:00',4000.00,223,'2020-03-13 00:00:00',NULL,NULL,NULL,NULL,NULL,NULL,NULL,NULL,NULL,NULL,NULL,NULL,NULL,NULL,NULL,'2019-03-13 16:00:00',NULL,NULL,NULL,'','0',NULL,NULL,NULL,NULL,NULL,'',NULL,NULL,NULL,NULL,NULL,NULL,NULL,NULL,NULL,'111111','1111111','张三','13128770758','','',NULL,NULL,NULL,NULL,NULL,NULL,NULL,'1','2019-03-14 00:00:00',NULL,NULL,NULL,NULL,'111111'),(1789,NULL,'8f25b8bd-aec5-437d-94c3-107874137f3d',4,'1',NULL,NULL,NULL,'2019-03-14 00:00:00','2020-03-13 00:00:00',3000.00,0.00,NULL,2,NULL,NULL,NULL,'2019-03-14 00:00:00',6000.00,223,'2020-03-13 00:00:00',NULL,NULL,NULL,NULL,NULL,NULL,NULL,NULL,NULL,NULL,NULL,NULL,NULL,NULL,NULL,'2019-03-13 16:00:00',NULL,NULL,NULL,'','0',NULL,NULL,NULL,NULL,NULL,'',NULL,NULL,NULL,NULL,NULL,NULL,NULL,NULL,NULL,'ccc','ccc','','','','',NULL,NULL,NULL,NULL,NULL,NULL,NULL,'1','2019-03-14 00:00:00',NULL,NULL,NULL,NULL,'1');
/*!40000 ALTER TABLE `PRH_MASTER` ENABLE KEYS */;
UNLOCK TABLES;

--
-- Table structure for table `PRH_PAYCODE`
--

DROP TABLE IF EXISTS `PRH_PAYCODE`;
/*!40101 SET @saved_cs_client     = @@character_set_client */;
/*!40101 SET character_set_client = utf8 */;
CREATE TABLE `PRH_PAYCODE` (
  `ID` int(11) NOT NULL AUTO_INCREMENT,
  `NAME` varchar(20) DEFAULT NULL,
  PRIMARY KEY (`ID`)
) ENGINE=InnoDB AUTO_INCREMENT=4 DEFAULT CHARSET=utf8;
/*!40101 SET character_set_client = @saved_cs_client */;

--
-- Dumping data for table `PRH_PAYCODE`
--

LOCK TABLES `PRH_PAYCODE` WRITE;
/*!40000 ALTER TABLE `PRH_PAYCODE` DISABLE KEYS */;
INSERT INTO `PRH_PAYCODE` VALUES (1,'现金'),(2,'刷卡'),(3,'转账');
/*!40000 ALTER TABLE `PRH_PAYCODE` ENABLE KEYS */;
UNLOCK TABLES;

--
-- Table structure for table `PRH_PAYMENT`
--

DROP TABLE IF EXISTS `PRH_PAYMENT`;
/*!40101 SET @saved_cs_client     = @@character_set_client */;
/*!40101 SET character_set_client = utf8 */;
CREATE TABLE `PRH_PAYMENT` (
  `ID` int(11) NOT NULL AUTO_INCREMENT,
  `ACCNT` varchar(10) DEFAULT NULL,
  `INUMBER` int(11) DEFAULT NULL,
  `ORGID` varchar(3) DEFAULT NULL,
  `PRTNO` varchar(10) NOT NULL,
  `PAYCODE` varchar(10) DEFAULT NULL,
  `REF` varchar(20) DEFAULT NULL,
  `CREDIT` decimal(8,2) NOT NULL DEFAULT '0.00',
  `REF1` varchar(50) DEFAULT NULL,
  `REF2` varchar(50) DEFAULT NULL,
  `LOGID` varchar(10) DEFAULT NULL,
  `LOGSHIFT` varchar(1) DEFAULT NULL,
  `LOGNAME` varchar(20) DEFAULT NULL,
  `LOGDATE` datetime NOT NULL,
  `sysdate` datetime NOT NULL,
  `ROOMNO` varchar(10) DEFAULT NULL,
  `OROOMNO` varchar(12) DEFAULT NULL,
  `CREDIT1` decimal(8,2) DEFAULT '0.00',
  `TAG` varchar(3) DEFAULT NULL,
  `LOGUPDATE` datetime DEFAULT NULL,
  PRIMARY KEY (`ID`)
) ENGINE=InnoDB AUTO_INCREMENT=52 DEFAULT CHARSET=utf8;
/*!40101 SET character_set_client = @saved_cs_client */;

--
-- Dumping data for table `PRH_PAYMENT`
--

LOCK TABLES `PRH_PAYMENT` WRITE;
/*!40000 ALTER TABLE `PRH_PAYMENT` DISABLE KEYS */;
INSERT INTO `PRH_PAYMENT` VALUES (2,NULL,NULL,NULL,'29782','1',NULL,3000.00,'D',NULL,NULL,NULL,NULL,'2019-03-14 00:00:00','2019-03-14 00:00:00',NULL,NULL,NULL,NULL,NULL),(3,NULL,NULL,NULL,'29783','1',NULL,3000.00,'R',NULL,NULL,NULL,NULL,'2019-03-14 00:00:00','2019-03-14 00:00:00',NULL,NULL,NULL,NULL,NULL),(4,NULL,NULL,NULL,'29821','1',NULL,4000.00,'D',NULL,NULL,NULL,NULL,'2019-03-14 00:00:00','2019-03-14 00:00:00',NULL,NULL,NULL,NULL,NULL),(5,NULL,NULL,NULL,'29822','1',NULL,2000.00,'R',NULL,NULL,NULL,NULL,'2019-03-14 00:00:00','2019-03-14 00:00:00',NULL,NULL,NULL,NULL,NULL),(6,NULL,NULL,NULL,'29873','1',NULL,6000.00,'D',NULL,NULL,NULL,NULL,'2019-03-18 00:00:00','2019-03-18 00:00:00',NULL,NULL,NULL,NULL,NULL),(7,NULL,NULL,NULL,'29874','1',NULL,3000.00,'R',NULL,NULL,NULL,NULL,'2019-03-18 00:00:00','2019-03-18 00:00:00',NULL,NULL,NULL,NULL,NULL),(8,NULL,NULL,NULL,'29875','1',NULL,3000.00,'R',NULL,NULL,NULL,NULL,'2019-03-18 00:00:00','2019-03-18 00:00:00',NULL,NULL,NULL,NULL,NULL),(9,NULL,NULL,NULL,'29876','1',NULL,3000.00,'R',NULL,NULL,NULL,NULL,'2019-03-18 00:00:00','2019-03-18 00:00:00',NULL,NULL,NULL,NULL,NULL),(10,NULL,NULL,NULL,'29877','1',NULL,3000.00,'R',NULL,NULL,NULL,NULL,'2019-03-18 00:00:00','2019-03-18 00:00:00',NULL,NULL,NULL,NULL,NULL),(11,NULL,NULL,NULL,'29878','1',NULL,3000.00,'R',NULL,NULL,NULL,NULL,'2019-03-18 00:00:00','2019-03-18 00:00:00',NULL,NULL,NULL,NULL,NULL),(12,NULL,NULL,NULL,'29879','1',NULL,3000.00,'R',NULL,NULL,NULL,NULL,'2019-03-18 00:00:00','2019-03-18 00:00:00',NULL,NULL,NULL,NULL,NULL),(13,NULL,NULL,NULL,'29880','1',NULL,3000.00,'R',NULL,NULL,NULL,NULL,'2019-03-18 00:00:00','2019-03-18 00:00:00',NULL,NULL,NULL,NULL,NULL),(14,NULL,NULL,NULL,'29881','1',NULL,3000.00,'R',NULL,NULL,NULL,NULL,'2019-03-18 00:00:00','2019-03-18 00:00:00',NULL,NULL,NULL,NULL,NULL),(15,NULL,NULL,NULL,'29882','1',NULL,3000.00,'R',NULL,NULL,NULL,NULL,'2019-03-18 00:00:00','2019-03-18 00:00:00',NULL,NULL,NULL,NULL,NULL),(16,NULL,NULL,NULL,'29883','1',NULL,3000.00,'R',NULL,NULL,NULL,NULL,'2019-03-18 00:00:00','2019-03-18 00:00:00',NULL,NULL,NULL,NULL,NULL),(17,NULL,NULL,NULL,'29884','1',NULL,3000.00,'R',NULL,NULL,NULL,NULL,'2019-03-18 00:00:00','2019-03-18 00:00:00',NULL,NULL,NULL,NULL,NULL),(18,NULL,NULL,NULL,'29885','1',NULL,3000.00,'R',NULL,NULL,NULL,NULL,'2019-03-18 00:00:00','2019-03-18 00:00:00',NULL,NULL,NULL,NULL,NULL),(19,NULL,NULL,NULL,'29795','1',NULL,6000.00,'D',NULL,NULL,NULL,NULL,'2019-03-18 00:00:00','2019-03-18 00:00:00',NULL,NULL,NULL,NULL,NULL),(20,NULL,NULL,NULL,'29796','1',NULL,3000.00,'R',NULL,NULL,NULL,NULL,'2019-03-18 00:00:00','2019-03-18 00:00:00',NULL,NULL,NULL,NULL,NULL),(21,NULL,NULL,NULL,'29797','1',NULL,3000.00,'R',NULL,NULL,NULL,NULL,'2019-03-18 00:00:00','2019-03-18 00:00:00',NULL,NULL,NULL,NULL,NULL),(22,NULL,NULL,NULL,'29798','1',NULL,3000.00,'R',NULL,NULL,NULL,NULL,'2019-03-18 00:00:00','2019-03-18 00:00:00',NULL,NULL,NULL,NULL,NULL),(23,NULL,NULL,NULL,'29799','1',NULL,3000.00,'R',NULL,NULL,NULL,NULL,'2019-03-18 00:00:00','2019-03-18 00:00:00',NULL,NULL,NULL,NULL,NULL),(24,NULL,NULL,NULL,'29800','1',NULL,3000.00,'R',NULL,NULL,NULL,NULL,'2019-03-18 00:00:00','2019-03-18 00:00:00',NULL,NULL,NULL,NULL,NULL),(25,NULL,NULL,NULL,'29801','1',NULL,3000.00,'R',NULL,NULL,NULL,NULL,'2019-03-18 00:00:00','2019-03-18 00:00:00',NULL,NULL,NULL,NULL,NULL),(26,NULL,NULL,NULL,'29802','1',NULL,3000.00,'R',NULL,NULL,NULL,NULL,'2019-03-18 00:00:00','2019-03-18 00:00:00',NULL,NULL,NULL,NULL,NULL),(27,NULL,NULL,NULL,'29803','1',NULL,3000.00,'R',NULL,NULL,NULL,NULL,'2019-03-18 00:00:00','2019-03-18 00:00:00',NULL,NULL,NULL,NULL,NULL),(28,NULL,NULL,NULL,'29804','1',NULL,3000.00,'R',NULL,NULL,NULL,NULL,'2019-03-18 00:00:00','2019-03-18 00:00:00',NULL,NULL,NULL,NULL,NULL),(29,NULL,NULL,NULL,'29805','1',NULL,3000.00,'R',NULL,NULL,NULL,NULL,'2019-03-18 00:00:00','2019-03-18 00:00:00',NULL,NULL,NULL,NULL,NULL),(30,NULL,NULL,NULL,'29806','1',NULL,3000.00,'R',NULL,NULL,NULL,NULL,'2019-03-18 00:00:00','2019-03-18 00:00:00',NULL,NULL,NULL,NULL,NULL),(31,NULL,NULL,NULL,'29807','1',NULL,3000.00,'R',NULL,NULL,NULL,NULL,'2019-03-18 00:00:00','2019-03-18 00:00:00',NULL,NULL,NULL,NULL,NULL);
/*!40000 ALTER TABLE `PRH_PAYMENT` ENABLE KEYS */;
UNLOCK TABLES;

--
-- Table structure for table `PRH_RENTAL`
--

DROP TABLE IF EXISTS `PRH_RENTAL`;
/*!40101 SET @saved_cs_client     = @@character_set_client */;
/*!40101 SET character_set_client = utf8 */;
CREATE TABLE `PRH_RENTAL` (
  `ID` int(11) NOT NULL AUTO_INCREMENT,
  `ACCNT` int(11) NOT NULL,
  `INUMBER` int(11) DEFAULT NULL,
  `FLAG` varchar(1) DEFAULT 'I',
  `ORGID` varchar(3) DEFAULT NULL,
  `PRTNO` varchar(10) DEFAULT NULL,
  `NAME` varchar(100) DEFAULT NULL,
  `GUESTNO` varchar(10) DEFAULT NULL,
  `ROOMNO` varchar(10) DEFAULT NULL,
  `VROOMNO` varchar(10) DEFAULT NULL,
  `RMTYPE` varchar(10) DEFAULT NULL,
  `RATE` decimal(8,2) DEFAULT NULL,
  `FILENO` varchar(20) DEFAULT NULL,
  `DEPOSIT` decimal(8,2) DEFAULT '0.00',
  `CHARGE` decimal(8,2) DEFAULT '0.00',
  `CHARGE1` decimal(8,2) DEFAULT '0.00',
  `CHARGE2` decimal(8,2) DEFAULT '0.00',
  `CHARGE3` decimal(8,2) DEFAULT '0.00',
  `CHARGE4` decimal(8,2) DEFAULT '0.00',
  `CHARGE5` decimal(8,2) DEFAULT '0.00',
  `CHARGE6` decimal(8,2) DEFAULT '0.00',
  `CHARGE7` decimal(8,2) DEFAULT '0.00',
  `CHARGE8` decimal(8,2) DEFAULT '0.00',
  `CHARGE9` decimal(8,2) DEFAULT '0.00',
  `BDATE` datetime DEFAULT NULL,
  `EDATE` datetime DEFAULT NULL,
  `AMOUNT` decimal(8,2) DEFAULT '0.00',
  `REF1` varchar(50) DEFAULT NULL,
  `REF2` varchar(50) DEFAULT NULL,
  `REF3` varchar(50) DEFAULT NULL,
  `REF4` varchar(50) DEFAULT NULL,
  `REF5` varchar(50) DEFAULT NULL,
  `PRTID` varchar(10) DEFAULT NULL,
  `PRTNAME` varchar(20) DEFAULT NULL,
  `PRTDATE` datetime DEFAULT NULL,
  `PRTTIMES` int(11) DEFAULT '0',
  `STA` varchar(1) DEFAULT 'F',
  `CASHIER` varchar(10) DEFAULT NULL,
  `CASHNAME` varchar(20) DEFAULT NULL,
  `CASHDATE` datetime DEFAULT NULL,
  `SYSDATE` datetime DEFAULT NULL,
  `AUDIT1` varchar(1) DEFAULT 'F',
  `LOGID1` varchar(10) DEFAULT NULL,
  `AUDIT1TIME` datetime DEFAULT NULL,
  `AUDIT2` varchar(1) DEFAULT 'F',
  `LOGID2` varchar(10) DEFAULT NULL,
  `AUDITTIME` datetime DEFAULT NULL,
  `IFLAG` varchar(1) DEFAULT 'F',
  `IAMOUNT` decimal(8,2) DEFAULT '0.00',
  `INO` varchar(20) DEFAULT NULL,
  `ILOGID` varchar(10) DEFAULT NULL,
  `ILOGNAME` varchar(20) DEFAULT NULL,
  `ISYSDATE` datetime DEFAULT NULL,
  `ILOGDATE` datetime DEFAULT NULL,
  `METHOD` varchar(1) DEFAULT 'A',
  `OROOMNO` varchar(12) DEFAULT NULL,
  `DAYS` int(11) DEFAULT '0',
  `FMONTHS` int(11) DEFAULT '0',
  `FDAYS` int(11) DEFAULT '0',
  `FAMOUNT` decimal(8,2) DEFAULT '0.00',
  `CUSNO` varchar(10) DEFAULT NULL,
  `LOGUPDATE` datetime DEFAULT NULL,
  PRIMARY KEY (`ID`),
  KEY `FK_PRH_RENTAL` (`ACCNT`),
  CONSTRAINT `FK_PRH_RENTAL` FOREIGN KEY (`ACCNT`) REFERENCES `PRH_MASTER` (`ID`)
) ENGINE=InnoDB AUTO_INCREMENT=29886 DEFAULT CHARSET=utf8;
/*!40101 SET character_set_client = @saved_cs_client */;

--
-- Dumping data for table `PRH_RENTAL`
--

LOCK TABLES `PRH_RENTAL` WRITE;
/*!40000 ALTER TABLE `PRH_RENTAL` DISABLE KEYS */;
INSERT INTO `PRH_RENTAL` VALUES (29782,1784,0,NULL,NULL,NULL,NULL,NULL,NULL,NULL,NULL,3000.00,NULL,NULL,NULL,NULL,NULL,NULL,NULL,NULL,NULL,NULL,NULL,NULL,NULL,NULL,NULL,NULL,NULL,NULL,NULL,NULL,NULL,NULL,NULL,NULL,'T',NULL,NULL,NULL,NULL,NULL,NULL,NULL,NULL,NULL,NULL,NULL,3000.00,'001',NULL,NULL,NULL,'2019-03-14 00:00:00',NULL,NULL,NULL,NULL,NULL,NULL,NULL,NULL),(29783,1784,1,NULL,NULL,NULL,NULL,NULL,NULL,NULL,NULL,3000.00,NULL,NULL,39000.00,0.00,3000.00,NULL,NULL,NULL,NULL,NULL,NULL,NULL,'2019-03-14 00:00:00','2019-04-13 00:00:00',NULL,NULL,NULL,NULL,NULL,NULL,NULL,NULL,NULL,NULL,'T',NULL,NULL,NULL,NULL,NULL,NULL,NULL,NULL,NULL,NULL,NULL,3000.00,'001',NULL,NULL,NULL,'2019-03-14 00:00:00',NULL,NULL,NULL,NULL,NULL,NULL,NULL,NULL),(29784,1784,2,NULL,NULL,NULL,NULL,NULL,NULL,NULL,NULL,3000.00,NULL,NULL,39000.00,0.00,3000.00,NULL,NULL,NULL,NULL,NULL,NULL,NULL,'2019-04-14 00:00:00','2019-05-13 00:00:00',NULL,NULL,NULL,NULL,NULL,NULL,NULL,NULL,NULL,NULL,'F',NULL,NULL,NULL,NULL,NULL,NULL,NULL,NULL,NULL,NULL,NULL,NULL,NULL,NULL,NULL,NULL,NULL,NULL,NULL,NULL,NULL,NULL,NULL,NULL,NULL),(29785,1784,3,NULL,NULL,NULL,NULL,NULL,NULL,NULL,NULL,3000.00,NULL,NULL,39000.00,0.00,3000.00,NULL,NULL,NULL,NULL,NULL,NULL,NULL,'2019-05-14 00:00:00','2019-06-13 00:00:00',NULL,NULL,NULL,NULL,NULL,NULL,NULL,NULL,NULL,NULL,'F',NULL,NULL,NULL,NULL,NULL,NULL,NULL,NULL,NULL,NULL,NULL,NULL,NULL,NULL,NULL,NULL,NULL,NULL,NULL,NULL,NULL,NULL,NULL,NULL,NULL),(29786,1784,4,NULL,NULL,NULL,NULL,NULL,NULL,NULL,NULL,3000.00,NULL,NULL,39000.00,0.00,3000.00,NULL,NULL,NULL,NULL,NULL,NULL,NULL,'2019-06-14 00:00:00','2019-07-13 00:00:00',NULL,NULL,NULL,NULL,NULL,NULL,NULL,NULL,NULL,NULL,'F',NULL,NULL,NULL,NULL,NULL,NULL,NULL,NULL,NULL,NULL,NULL,NULL,NULL,NULL,NULL,NULL,NULL,NULL,NULL,NULL,NULL,NULL,NULL,NULL,NULL),(29787,1784,5,NULL,NULL,NULL,NULL,NULL,NULL,NULL,NULL,3000.00,NULL,NULL,39000.00,0.00,3000.00,NULL,NULL,NULL,NULL,NULL,NULL,NULL,'2019-07-14 00:00:00','2019-08-13 00:00:00',NULL,NULL,NULL,NULL,NULL,NULL,NULL,NULL,NULL,NULL,'F',NULL,NULL,NULL,NULL,NULL,NULL,NULL,NULL,NULL,NULL,NULL,NULL,NULL,NULL,NULL,NULL,NULL,NULL,NULL,NULL,NULL,NULL,NULL,NULL,NULL),(29788,1784,6,NULL,NULL,NULL,NULL,NULL,NULL,NULL,NULL,3000.00,NULL,NULL,39000.00,0.00,3000.00,NULL,NULL,NULL,NULL,NULL,NULL,NULL,'2019-08-14 00:00:00','2019-09-13 00:00:00',NULL,NULL,NULL,NULL,NULL,NULL,NULL,NULL,NULL,NULL,'F',NULL,NULL,NULL,NULL,NULL,NULL,NULL,NULL,NULL,NULL,NULL,NULL,NULL,NULL,NULL,NULL,NULL,NULL,NULL,NULL,NULL,NULL,NULL,NULL,NULL),(29789,1784,7,NULL,NULL,NULL,NULL,NULL,NULL,NULL,NULL,3000.00,NULL,NULL,39000.00,0.00,3000.00,NULL,NULL,NULL,NULL,NULL,NULL,NULL,'2019-09-14 00:00:00','2019-10-13 00:00:00',NULL,NULL,NULL,NULL,NULL,NULL,NULL,NULL,NULL,NULL,'F',NULL,NULL,NULL,NULL,NULL,NULL,NULL,NULL,NULL,NULL,NULL,NULL,NULL,NULL,NULL,NULL,NULL,NULL,NULL,NULL,NULL,NULL,NULL,NULL,NULL),(29790,1784,8,NULL,NULL,NULL,NULL,NULL,NULL,NULL,NULL,3000.00,NULL,NULL,39000.00,0.00,3000.00,NULL,NULL,NULL,NULL,NULL,NULL,NULL,'2019-10-14 00:00:00','2019-11-13 00:00:00',NULL,NULL,NULL,NULL,NULL,NULL,NULL,NULL,NULL,NULL,'F',NULL,NULL,NULL,NULL,NULL,NULL,NULL,NULL,NULL,NULL,NULL,NULL,NULL,NULL,NULL,NULL,NULL,NULL,NULL,NULL,NULL,NULL,NULL,NULL,NULL),(29791,1784,9,NULL,NULL,NULL,NULL,NULL,NULL,NULL,NULL,3000.00,NULL,NULL,39000.00,0.00,3000.00,NULL,NULL,NULL,NULL,NULL,NULL,NULL,'2019-11-14 00:00:00','2019-12-13 00:00:00',NULL,NULL,NULL,NULL,NULL,NULL,NULL,NULL,NULL,NULL,'F',NULL,NULL,NULL,NULL,NULL,NULL,NULL,NULL,NULL,NULL,NULL,NULL,NULL,NULL,NULL,NULL,NULL,NULL,NULL,NULL,NULL,NULL,NULL,NULL,NULL),(29792,1784,10,NULL,NULL,NULL,NULL,NULL,NULL,NULL,NULL,3000.00,NULL,NULL,39000.00,0.00,3000.00,NULL,NULL,NULL,NULL,NULL,NULL,NULL,'2019-12-14 00:00:00','2020-01-13 00:00:00',NULL,NULL,NULL,NULL,NULL,NULL,NULL,NULL,NULL,NULL,'F',NULL,NULL,NULL,NULL,NULL,NULL,NULL,NULL,NULL,NULL,NULL,NULL,NULL,NULL,NULL,NULL,NULL,NULL,NULL,NULL,NULL,NULL,NULL,NULL,NULL),(29793,1784,11,NULL,NULL,NULL,NULL,NULL,NULL,NULL,NULL,3000.00,NULL,NULL,39000.00,0.00,3000.00,NULL,NULL,NULL,NULL,NULL,NULL,NULL,'2020-01-14 00:00:00','2020-02-13 00:00:00',NULL,NULL,NULL,NULL,NULL,NULL,NULL,NULL,NULL,NULL,'F',NULL,NULL,NULL,NULL,NULL,NULL,NULL,NULL,NULL,NULL,NULL,NULL,NULL,NULL,NULL,NULL,NULL,NULL,NULL,NULL,NULL,NULL,NULL,NULL,NULL),(29794,1784,12,NULL,NULL,NULL,NULL,NULL,NULL,NULL,NULL,3000.00,NULL,NULL,39000.00,0.00,3000.00,NULL,NULL,NULL,NULL,NULL,NULL,NULL,'2020-02-14 00:00:00','2020-03-13 00:00:00',NULL,NULL,NULL,NULL,NULL,NULL,NULL,NULL,NULL,NULL,'F',NULL,NULL,NULL,NULL,NULL,NULL,NULL,NULL,NULL,NULL,NULL,NULL,NULL,NULL,NULL,NULL,NULL,NULL,NULL,NULL,NULL,NULL,NULL,NULL,NULL),(29795,1785,0,NULL,NULL,NULL,NULL,NULL,NULL,NULL,NULL,6000.00,NULL,NULL,NULL,NULL,NULL,NULL,NULL,NULL,NULL,NULL,NULL,NULL,NULL,NULL,NULL,NULL,NULL,NULL,NULL,NULL,NULL,NULL,NULL,NULL,'T',NULL,NULL,NULL,NULL,NULL,NULL,NULL,NULL,NULL,NULL,NULL,6000.00,'333',NULL,NULL,NULL,'2019-03-18 00:00:00',NULL,NULL,NULL,NULL,NULL,NULL,NULL,NULL),(29796,1785,1,NULL,NULL,NULL,NULL,NULL,NULL,NULL,NULL,3000.00,NULL,NULL,42000.00,0.00,3000.00,NULL,NULL,NULL,NULL,NULL,NULL,NULL,'2019-03-14 00:00:00','2019-04-13 00:00:00',NULL,NULL,NULL,NULL,NULL,NULL,NULL,NULL,NULL,NULL,'T',NULL,NULL,NULL,NULL,NULL,NULL,NULL,NULL,NULL,NULL,NULL,3000.00,'333',NULL,NULL,NULL,'2019-03-18 00:00:00',NULL,NULL,NULL,NULL,NULL,NULL,NULL,NULL),(29797,1785,2,NULL,NULL,NULL,NULL,NULL,NULL,NULL,NULL,3000.00,NULL,NULL,42000.00,0.00,3000.00,NULL,NULL,NULL,NULL,NULL,NULL,NULL,'2019-04-14 00:00:00','2019-05-13 00:00:00',NULL,NULL,NULL,NULL,NULL,NULL,NULL,NULL,NULL,NULL,'T',NULL,NULL,NULL,NULL,NULL,NULL,NULL,NULL,NULL,NULL,NULL,3000.00,'333',NULL,NULL,NULL,'2019-03-18 00:00:00',NULL,NULL,NULL,NULL,NULL,NULL,NULL,NULL),(29798,1785,3,NULL,NULL,NULL,NULL,NULL,NULL,NULL,NULL,3000.00,NULL,NULL,42000.00,0.00,3000.00,NULL,NULL,NULL,NULL,NULL,NULL,NULL,'2019-05-14 00:00:00','2019-06-13 00:00:00',NULL,NULL,NULL,NULL,NULL,NULL,NULL,NULL,NULL,NULL,'T',NULL,NULL,NULL,NULL,NULL,NULL,NULL,NULL,NULL,NULL,NULL,3000.00,'333',NULL,NULL,NULL,'2019-03-18 00:00:00',NULL,NULL,NULL,NULL,NULL,NULL,NULL,NULL),(29799,1785,4,NULL,NULL,NULL,NULL,NULL,NULL,NULL,NULL,3000.00,NULL,NULL,42000.00,0.00,3000.00,NULL,NULL,NULL,NULL,NULL,NULL,NULL,'2019-06-14 00:00:00','2019-07-13 00:00:00',NULL,NULL,NULL,NULL,NULL,NULL,NULL,NULL,NULL,NULL,'T',NULL,NULL,NULL,NULL,NULL,NULL,NULL,NULL,NULL,NULL,NULL,3000.00,'333',NULL,NULL,NULL,'2019-03-18 00:00:00',NULL,NULL,NULL,NULL,NULL,NULL,NULL,NULL),(29800,1785,5,NULL,NULL,NULL,NULL,NULL,NULL,NULL,NULL,3000.00,NULL,NULL,42000.00,0.00,3000.00,NULL,NULL,NULL,NULL,NULL,NULL,NULL,'2019-07-14 00:00:00','2019-08-13 00:00:00',NULL,NULL,NULL,NULL,NULL,NULL,NULL,NULL,NULL,NULL,'T',NULL,NULL,NULL,NULL,NULL,NULL,NULL,NULL,NULL,NULL,NULL,3000.00,'333',NULL,NULL,NULL,'2019-03-18 00:00:00',NULL,NULL,NULL,NULL,NULL,NULL,NULL,NULL),(29801,1785,6,NULL,NULL,NULL,NULL,NULL,NULL,NULL,NULL,3000.00,NULL,NULL,42000.00,0.00,3000.00,NULL,NULL,NULL,NULL,NULL,NULL,NULL,'2019-08-14 00:00:00','2019-09-13 00:00:00',NULL,NULL,NULL,NULL,NULL,NULL,NULL,NULL,NULL,NULL,'T',NULL,NULL,NULL,NULL,NULL,NULL,NULL,NULL,NULL,NULL,NULL,3000.00,'333',NULL,NULL,NULL,'2019-03-18 00:00:00',NULL,NULL,NULL,NULL,NULL,NULL,NULL,NULL),(29802,1785,7,NULL,NULL,NULL,NULL,NULL,NULL,NULL,NULL,3000.00,NULL,NULL,42000.00,0.00,3000.00,NULL,NULL,NULL,NULL,NULL,NULL,NULL,'2019-09-14 00:00:00','2019-10-13 00:00:00',NULL,NULL,NULL,NULL,NULL,NULL,NULL,NULL,NULL,NULL,'T',NULL,NULL,NULL,NULL,NULL,NULL,NULL,NULL,NULL,NULL,NULL,3000.00,'333',NULL,NULL,NULL,'2019-03-18 00:00:00',NULL,NULL,NULL,NULL,NULL,NULL,NULL,NULL),(29803,1785,8,NULL,NULL,NULL,NULL,NULL,NULL,NULL,NULL,3000.00,NULL,NULL,42000.00,0.00,3000.00,NULL,NULL,NULL,NULL,NULL,NULL,NULL,'2019-10-14 00:00:00','2019-11-13 00:00:00',NULL,NULL,NULL,NULL,NULL,NULL,NULL,NULL,NULL,NULL,'T',NULL,NULL,NULL,NULL,NULL,NULL,NULL,NULL,NULL,NULL,NULL,3000.00,'333',NULL,NULL,NULL,'2019-03-18 00:00:00',NULL,NULL,NULL,NULL,NULL,NULL,NULL,NULL),(29804,1785,9,NULL,NULL,NULL,NULL,NULL,NULL,NULL,NULL,3000.00,NULL,NULL,42000.00,0.00,3000.00,NULL,NULL,NULL,NULL,NULL,NULL,NULL,'2019-11-14 00:00:00','2019-12-13 00:00:00',NULL,NULL,NULL,NULL,NULL,NULL,NULL,NULL,NULL,NULL,'T',NULL,NULL,NULL,NULL,NULL,NULL,NULL,NULL,NULL,NULL,NULL,3000.00,'333',NULL,NULL,NULL,'2019-03-18 00:00:00',NULL,NULL,NULL,NULL,NULL,NULL,NULL,NULL),(29805,1785,10,NULL,NULL,NULL,NULL,NULL,NULL,NULL,NULL,3000.00,NULL,NULL,42000.00,0.00,3000.00,NULL,NULL,NULL,NULL,NULL,NULL,NULL,'2019-12-14 00:00:00','2020-01-13 00:00:00',NULL,NULL,NULL,NULL,NULL,NULL,NULL,NULL,NULL,NULL,'T',NULL,NULL,NULL,NULL,NULL,NULL,NULL,NULL,NULL,NULL,NULL,3000.00,'333',NULL,NULL,NULL,'2019-03-18 00:00:00',NULL,NULL,NULL,NULL,NULL,NULL,NULL,NULL),(29806,1785,11,NULL,NULL,NULL,NULL,NULL,NULL,NULL,NULL,3000.00,NULL,NULL,42000.00,0.00,3000.00,NULL,NULL,NULL,NULL,NULL,NULL,NULL,'2020-01-14 00:00:00','2020-02-13 00:00:00',NULL,NULL,NULL,NULL,NULL,NULL,NULL,NULL,NULL,NULL,'T',NULL,NULL,NULL,NULL,NULL,NULL,NULL,NULL,NULL,NULL,NULL,3000.00,'333',NULL,NULL,NULL,'2019-03-18 00:00:00',NULL,NULL,NULL,NULL,NULL,NULL,NULL,NULL),(29807,1785,12,NULL,NULL,NULL,NULL,NULL,NULL,NULL,NULL,3000.00,NULL,NULL,42000.00,0.00,3000.00,NULL,NULL,NULL,NULL,NULL,NULL,NULL,'2020-02-14 00:00:00','2020-03-13 00:00:00',NULL,NULL,NULL,NULL,NULL,NULL,NULL,NULL,NULL,NULL,'T',NULL,NULL,NULL,NULL,NULL,NULL,NULL,NULL,NULL,NULL,NULL,3000.00,'333',NULL,NULL,NULL,'2019-03-18 00:00:00',NULL,NULL,NULL,NULL,NULL,NULL,NULL,NULL),(29821,1786,0,NULL,NULL,NULL,NULL,NULL,NULL,NULL,NULL,4000.00,NULL,NULL,NULL,NULL,NULL,NULL,NULL,NULL,NULL,NULL,NULL,NULL,NULL,NULL,NULL,NULL,NULL,NULL,NULL,NULL,NULL,NULL,NULL,NULL,'T',NULL,NULL,NULL,NULL,NULL,NULL,NULL,NULL,NULL,NULL,NULL,4000.00,'11111',NULL,NULL,NULL,'2019-03-14 00:00:00',NULL,NULL,NULL,NULL,NULL,NULL,NULL,NULL),(29822,1786,1,NULL,NULL,NULL,NULL,NULL,NULL,NULL,NULL,2000.00,NULL,NULL,28000.00,0.00,2000.00,NULL,NULL,NULL,NULL,NULL,NULL,NULL,'2019-03-14 00:00:00','2019-04-13 00:00:00',NULL,NULL,NULL,NULL,NULL,NULL,NULL,NULL,NULL,NULL,'T',NULL,NULL,NULL,NULL,NULL,NULL,NULL,NULL,NULL,NULL,NULL,2000.00,'11111',NULL,NULL,NULL,'2019-03-14 00:00:00',NULL,NULL,NULL,NULL,NULL,NULL,NULL,NULL),(29823,1786,2,NULL,NULL,NULL,NULL,NULL,NULL,NULL,NULL,2000.00,NULL,NULL,28000.00,0.00,2000.00,NULL,NULL,NULL,NULL,NULL,NULL,NULL,'2019-04-14 00:00:00','2019-05-13 00:00:00',NULL,NULL,NULL,NULL,NULL,NULL,NULL,NULL,NULL,NULL,'F',NULL,NULL,NULL,NULL,NULL,NULL,NULL,NULL,NULL,NULL,NULL,NULL,NULL,NULL,NULL,NULL,NULL,NULL,NULL,NULL,NULL,NULL,NULL,NULL,NULL),(29824,1786,3,NULL,NULL,NULL,NULL,NULL,NULL,NULL,NULL,2000.00,NULL,NULL,28000.00,0.00,2000.00,NULL,NULL,NULL,NULL,NULL,NULL,NULL,'2019-05-14 00:00:00','2019-06-13 00:00:00',NULL,NULL,NULL,NULL,NULL,NULL,NULL,NULL,NULL,NULL,'F',NULL,NULL,NULL,NULL,NULL,NULL,NULL,NULL,NULL,NULL,NULL,NULL,NULL,NULL,NULL,NULL,NULL,NULL,NULL,NULL,NULL,NULL,NULL,NULL,NULL),(29825,1786,4,NULL,NULL,NULL,NULL,NULL,NULL,NULL,NULL,2000.00,NULL,NULL,28000.00,0.00,2000.00,NULL,NULL,NULL,NULL,NULL,NULL,NULL,'2019-06-14 00:00:00','2019-07-13 00:00:00',NULL,NULL,NULL,NULL,NULL,NULL,NULL,NULL,NULL,NULL,'F',NULL,NULL,NULL,NULL,NULL,NULL,NULL,NULL,NULL,NULL,NULL,NULL,NULL,NULL,NULL,NULL,NULL,NULL,NULL,NULL,NULL,NULL,NULL,NULL,NULL),(29826,1786,5,NULL,NULL,NULL,NULL,NULL,NULL,NULL,NULL,2000.00,NULL,NULL,28000.00,0.00,2000.00,NULL,NULL,NULL,NULL,NULL,NULL,NULL,'2019-07-14 00:00:00','2019-08-13 00:00:00',NULL,NULL,NULL,NULL,NULL,NULL,NULL,NULL,NULL,NULL,'F',NULL,NULL,NULL,NULL,NULL,NULL,NULL,NULL,NULL,NULL,NULL,NULL,NULL,NULL,NULL,NULL,NULL,NULL,NULL,NULL,NULL,NULL,NULL,NULL,NULL),(29827,1786,6,NULL,NULL,NULL,NULL,NULL,NULL,NULL,NULL,2000.00,NULL,NULL,28000.00,0.00,2000.00,NULL,NULL,NULL,NULL,NULL,NULL,NULL,'2019-08-14 00:00:00','2019-09-13 00:00:00',NULL,NULL,NULL,NULL,NULL,NULL,NULL,NULL,NULL,NULL,'F',NULL,NULL,NULL,NULL,NULL,NULL,NULL,NULL,NULL,NULL,NULL,NULL,NULL,NULL,NULL,NULL,NULL,NULL,NULL,NULL,NULL,NULL,NULL,NULL,NULL),(29828,1786,7,NULL,NULL,NULL,NULL,NULL,NULL,NULL,NULL,2000.00,NULL,NULL,28000.00,0.00,2000.00,NULL,NULL,NULL,NULL,NULL,NULL,NULL,'2019-09-14 00:00:00','2019-10-13 00:00:00',NULL,NULL,NULL,NULL,NULL,NULL,NULL,NULL,NULL,NULL,'F',NULL,NULL,NULL,NULL,NULL,NULL,NULL,NULL,NULL,NULL,NULL,NULL,NULL,NULL,NULL,NULL,NULL,NULL,NULL,NULL,NULL,NULL,NULL,NULL,NULL),(29829,1786,8,NULL,NULL,NULL,NULL,NULL,NULL,NULL,NULL,2000.00,NULL,NULL,28000.00,0.00,2000.00,NULL,NULL,NULL,NULL,NULL,NULL,NULL,'2019-10-14 00:00:00','2019-11-13 00:00:00',NULL,NULL,NULL,NULL,NULL,NULL,NULL,NULL,NULL,NULL,'F',NULL,NULL,NULL,NULL,NULL,NULL,NULL,NULL,NULL,NULL,NULL,NULL,NULL,NULL,NULL,NULL,NULL,NULL,NULL,NULL,NULL,NULL,NULL,NULL,NULL),(29830,1786,9,NULL,NULL,NULL,NULL,NULL,NULL,NULL,NULL,2000.00,NULL,NULL,28000.00,0.00,2000.00,NULL,NULL,NULL,NULL,NULL,NULL,NULL,'2019-11-14 00:00:00','2019-12-13 00:00:00',NULL,NULL,NULL,NULL,NULL,NULL,NULL,NULL,NULL,NULL,'F',NULL,NULL,NULL,NULL,NULL,NULL,NULL,NULL,NULL,NULL,NULL,NULL,NULL,NULL,NULL,NULL,NULL,NULL,NULL,NULL,NULL,NULL,NULL,NULL,NULL),(29831,1786,10,NULL,NULL,NULL,NULL,NULL,NULL,NULL,NULL,2000.00,NULL,NULL,28000.00,0.00,2000.00,NULL,NULL,NULL,NULL,NULL,NULL,NULL,'2019-12-14 00:00:00','2020-01-13 00:00:00',NULL,NULL,NULL,NULL,NULL,NULL,NULL,NULL,NULL,NULL,'F',NULL,NULL,NULL,NULL,NULL,NULL,NULL,NULL,NULL,NULL,NULL,NULL,NULL,NULL,NULL,NULL,NULL,NULL,NULL,NULL,NULL,NULL,NULL,NULL,NULL),(29832,1786,11,NULL,NULL,NULL,NULL,NULL,NULL,NULL,NULL,2000.00,NULL,NULL,28000.00,0.00,2000.00,NULL,NULL,NULL,NULL,NULL,NULL,NULL,'2020-01-14 00:00:00','2020-02-13 00:00:00',NULL,NULL,NULL,NULL,NULL,NULL,NULL,NULL,NULL,NULL,'F',NULL,NULL,NULL,NULL,NULL,NULL,NULL,NULL,NULL,NULL,NULL,NULL,NULL,NULL,NULL,NULL,NULL,NULL,NULL,NULL,NULL,NULL,NULL,NULL,NULL),(29833,1786,12,NULL,NULL,NULL,NULL,NULL,NULL,NULL,NULL,2000.00,NULL,NULL,28000.00,0.00,2000.00,NULL,NULL,NULL,NULL,NULL,NULL,NULL,'2020-02-14 00:00:00','2020-03-13 00:00:00',NULL,NULL,NULL,NULL,NULL,NULL,NULL,NULL,NULL,NULL,'F',NULL,NULL,NULL,NULL,NULL,NULL,NULL,NULL,NULL,NULL,NULL,NULL,NULL,NULL,NULL,NULL,NULL,NULL,NULL,NULL,NULL,NULL,NULL,NULL,NULL),(29873,1789,0,NULL,NULL,NULL,NULL,NULL,NULL,NULL,NULL,6000.00,NULL,NULL,NULL,NULL,NULL,NULL,NULL,NULL,NULL,NULL,NULL,NULL,NULL,NULL,NULL,NULL,NULL,NULL,NULL,NULL,NULL,NULL,NULL,NULL,'T',NULL,NULL,NULL,NULL,NULL,NULL,NULL,NULL,NULL,NULL,NULL,6000.00,'2222',NULL,NULL,NULL,'2019-03-18 00:00:00',NULL,NULL,NULL,NULL,NULL,NULL,NULL,NULL),(29874,1789,1,NULL,NULL,NULL,NULL,NULL,NULL,NULL,NULL,3000.00,NULL,NULL,42000.00,0.00,3000.00,NULL,NULL,NULL,NULL,NULL,NULL,NULL,'2019-03-14 00:00:00','2019-04-13 00:00:00',NULL,NULL,NULL,NULL,NULL,NULL,NULL,NULL,NULL,NULL,'T',NULL,NULL,NULL,NULL,NULL,NULL,NULL,NULL,NULL,NULL,NULL,3000.00,'2222',NULL,NULL,NULL,'2019-03-18 00:00:00',NULL,NULL,NULL,NULL,NULL,NULL,NULL,NULL),(29875,1789,2,NULL,NULL,NULL,NULL,NULL,NULL,NULL,NULL,3000.00,NULL,NULL,42000.00,0.00,3000.00,NULL,NULL,NULL,NULL,NULL,NULL,NULL,'2019-04-14 00:00:00','2019-05-13 00:00:00',NULL,NULL,NULL,NULL,NULL,NULL,NULL,NULL,NULL,NULL,'T',NULL,NULL,NULL,NULL,NULL,NULL,NULL,NULL,NULL,NULL,NULL,3000.00,'2222',NULL,NULL,NULL,'2019-03-18 00:00:00',NULL,NULL,NULL,NULL,NULL,NULL,NULL,NULL),(29876,1789,3,NULL,NULL,NULL,NULL,NULL,NULL,NULL,NULL,3000.00,NULL,NULL,42000.00,0.00,3000.00,NULL,NULL,NULL,NULL,NULL,NULL,NULL,'2019-05-14 00:00:00','2019-06-13 00:00:00',NULL,NULL,NULL,NULL,NULL,NULL,NULL,NULL,NULL,NULL,'T',NULL,NULL,NULL,NULL,NULL,NULL,NULL,NULL,NULL,NULL,NULL,3000.00,'2222',NULL,NULL,NULL,'2019-03-18 00:00:00',NULL,NULL,NULL,NULL,NULL,NULL,NULL,NULL),(29877,1789,4,NULL,NULL,NULL,NULL,NULL,NULL,NULL,NULL,3000.00,NULL,NULL,42000.00,0.00,3000.00,NULL,NULL,NULL,NULL,NULL,NULL,NULL,'2019-06-14 00:00:00','2019-07-13 00:00:00',NULL,NULL,NULL,NULL,NULL,NULL,NULL,NULL,NULL,NULL,'T',NULL,NULL,NULL,NULL,NULL,NULL,NULL,NULL,NULL,NULL,NULL,3000.00,'2222',NULL,NULL,NULL,'2019-03-18 00:00:00',NULL,NULL,NULL,NULL,NULL,NULL,NULL,NULL),(29878,1789,5,NULL,NULL,NULL,NULL,NULL,NULL,NULL,NULL,3000.00,NULL,NULL,42000.00,0.00,3000.00,NULL,NULL,NULL,NULL,NULL,NULL,NULL,'2019-07-14 00:00:00','2019-08-13 00:00:00',NULL,NULL,NULL,NULL,NULL,NULL,NULL,NULL,NULL,NULL,'T',NULL,NULL,NULL,NULL,NULL,NULL,NULL,NULL,NULL,NULL,NULL,3000.00,'2222',NULL,NULL,NULL,'2019-03-18 00:00:00',NULL,NULL,NULL,NULL,NULL,NULL,NULL,NULL),(29879,1789,6,NULL,NULL,NULL,NULL,NULL,NULL,NULL,NULL,3000.00,NULL,NULL,42000.00,0.00,3000.00,NULL,NULL,NULL,NULL,NULL,NULL,NULL,'2019-08-14 00:00:00','2019-09-13 00:00:00',NULL,NULL,NULL,NULL,NULL,NULL,NULL,NULL,NULL,NULL,'T',NULL,NULL,NULL,NULL,NULL,NULL,NULL,NULL,NULL,NULL,NULL,3000.00,'2222',NULL,NULL,NULL,'2019-03-18 00:00:00',NULL,NULL,NULL,NULL,NULL,NULL,NULL,NULL),(29880,1789,7,NULL,NULL,NULL,NULL,NULL,NULL,NULL,NULL,3000.00,NULL,NULL,42000.00,0.00,3000.00,NULL,NULL,NULL,NULL,NULL,NULL,NULL,'2019-09-14 00:00:00','2019-10-13 00:00:00',NULL,NULL,NULL,NULL,NULL,NULL,NULL,NULL,NULL,NULL,'T',NULL,NULL,NULL,NULL,NULL,NULL,NULL,NULL,NULL,NULL,NULL,3000.00,'2222',NULL,NULL,NULL,'2019-03-18 00:00:00',NULL,NULL,NULL,NULL,NULL,NULL,NULL,NULL),(29881,1789,8,NULL,NULL,NULL,NULL,NULL,NULL,NULL,NULL,3000.00,NULL,NULL,42000.00,0.00,3000.00,NULL,NULL,NULL,NULL,NULL,NULL,NULL,'2019-10-14 00:00:00','2019-11-13 00:00:00',NULL,NULL,NULL,NULL,NULL,NULL,NULL,NULL,NULL,NULL,'T',NULL,NULL,NULL,NULL,NULL,NULL,NULL,NULL,NULL,NULL,NULL,3000.00,'2222',NULL,NULL,NULL,'2019-03-18 00:00:00',NULL,NULL,NULL,NULL,NULL,NULL,NULL,NULL),(29882,1789,9,NULL,NULL,NULL,NULL,NULL,NULL,NULL,NULL,3000.00,NULL,NULL,42000.00,0.00,3000.00,NULL,NULL,NULL,NULL,NULL,NULL,NULL,'2019-11-14 00:00:00','2019-12-13 00:00:00',NULL,NULL,NULL,NULL,NULL,NULL,NULL,NULL,NULL,NULL,'T',NULL,NULL,NULL,NULL,NULL,NULL,NULL,NULL,NULL,NULL,NULL,3000.00,'2222',NULL,NULL,NULL,'2019-03-18 00:00:00',NULL,NULL,NULL,NULL,NULL,NULL,NULL,NULL),(29883,1789,10,NULL,NULL,NULL,NULL,NULL,NULL,NULL,NULL,3000.00,NULL,NULL,42000.00,0.00,3000.00,NULL,NULL,NULL,NULL,NULL,NULL,NULL,'2019-12-14 00:00:00','2020-01-13 00:00:00',NULL,NULL,NULL,NULL,NULL,NULL,NULL,NULL,NULL,NULL,'T',NULL,NULL,NULL,NULL,NULL,NULL,NULL,NULL,NULL,NULL,NULL,3000.00,'2222',NULL,NULL,NULL,'2019-03-18 00:00:00',NULL,NULL,NULL,NULL,NULL,NULL,NULL,NULL),(29884,1789,11,NULL,NULL,NULL,NULL,NULL,NULL,NULL,NULL,3000.00,NULL,NULL,42000.00,0.00,3000.00,NULL,NULL,NULL,NULL,NULL,NULL,NULL,'2020-01-14 00:00:00','2020-02-13 00:00:00',NULL,NULL,NULL,NULL,NULL,NULL,NULL,NULL,NULL,NULL,'T',NULL,NULL,NULL,NULL,NULL,NULL,NULL,NULL,NULL,NULL,NULL,3000.00,'2222',NULL,NULL,NULL,'2019-03-18 00:00:00',NULL,NULL,NULL,NULL,NULL,NULL,NULL,NULL),(29885,1789,12,NULL,NULL,NULL,NULL,NULL,NULL,NULL,NULL,3000.00,NULL,NULL,42000.00,0.00,3000.00,NULL,NULL,NULL,NULL,NULL,NULL,NULL,'2020-02-14 00:00:00','2020-03-13 00:00:00',NULL,NULL,NULL,NULL,NULL,NULL,NULL,NULL,NULL,NULL,'T',NULL,NULL,NULL,NULL,NULL,NULL,NULL,NULL,NULL,NULL,NULL,3000.00,'2222',NULL,NULL,NULL,'2019-03-18 00:00:00',NULL,NULL,NULL,NULL,NULL,NULL,NULL,NULL);
/*!40000 ALTER TABLE `PRH_RENTAL` ENABLE KEYS */;
UNLOCK TABLES;

--
-- Table structure for table `PRH_RMDEV`
--

DROP TABLE IF EXISTS `PRH_RMDEV`;
/*!40101 SET @saved_cs_client     = @@character_set_client */;
/*!40101 SET character_set_client = utf8 */;
CREATE TABLE `PRH_RMDEV` (
  `ID` int(9) NOT NULL AUTO_INCREMENT,
  `ROOMNO` varchar(60) DEFAULT NULL,
  `STA` char(2) DEFAULT NULL,
  `CODE` varchar(60) DEFAULT NULL,
  `DEVCLASS` varchar(60) DEFAULT NULL,
  `DEVNAME` varchar(60) DEFAULT NULL,
  `DEVNUMB` int(9) DEFAULT NULL,
  `BRAND` varchar(60) DEFAULT NULL,
  `MODEL` varchar(60) DEFAULT NULL,
  `STANDARD` varchar(60) DEFAULT NULL,
  `COLOR` varchar(60) DEFAULT NULL,
  `PRICE` int(9) DEFAULT NULL,
  `BUYDATE` date DEFAULT NULL,
  `MNTDATE` date DEFAULT NULL,
  `DRATE` int(9) DEFAULT NULL,
  `NPRICE` int(9) DEFAULT NULL,
  `REFER` varchar(60) DEFAULT NULL,
  `LOGID` varchar(60) DEFAULT NULL,
  `LOGSHIFT` varchar(60) DEFAULT NULL,
  `LOGIP` varchar(60) DEFAULT NULL,
  `LOGDATE` date DEFAULT NULL,
  `LOGUPDATE` date DEFAULT NULL,
  PRIMARY KEY (`ID`)
) ENGINE=InnoDB AUTO_INCREMENT=3 DEFAULT CHARSET=utf8;
/*!40101 SET character_set_client = @saved_cs_client */;

--
-- Dumping data for table `PRH_RMDEV`
--

LOCK TABLES `PRH_RMDEV` WRITE;
/*!40000 ALTER TABLE `PRH_RMDEV` DISABLE KEYS */;
INSERT INTO `PRH_RMDEV` VALUES (2,'1','1',NULL,'1','钥匙',1,NULL,NULL,NULL,NULL,25,NULL,NULL,0,0,NULL,NULL,NULL,NULL,NULL,NULL);
/*!40000 ALTER TABLE `PRH_RMDEV` ENABLE KEYS */;
UNLOCK TABLES;

--
-- Table structure for table `PRH_TEMP_LIVE_MAN`
--

DROP TABLE IF EXISTS `PRH_TEMP_LIVE_MAN`;
/*!40101 SET @saved_cs_client     = @@character_set_client */;
/*!40101 SET character_set_client = utf8 */;
CREATE TABLE `PRH_TEMP_LIVE_MAN` (
  `ID` double NOT NULL AUTO_INCREMENT,
  `MASTER_ID` double DEFAULT NULL,
  `GUESTNO` varchar(50) DEFAULT NULL,
  `BDATE` datetime DEFAULT NULL,
  `EDATE` datetime DEFAULT NULL,
  `DEL` double DEFAULT NULL,
  `IDEN_PWD` varchar(50) DEFAULT NULL,
  PRIMARY KEY (`ID`)
) ENGINE=InnoDB AUTO_INCREMENT=3 DEFAULT CHARSET=utf8;
/*!40101 SET character_set_client = @saved_cs_client */;

--
-- Dumping data for table `PRH_TEMP_LIVE_MAN`
--

LOCK TABLES `PRH_TEMP_LIVE_MAN` WRITE;
/*!40000 ALTER TABLE `PRH_TEMP_LIVE_MAN` DISABLE KEYS */;
INSERT INTO `PRH_TEMP_LIVE_MAN` VALUES (1,1784,'03140921132370002',NULL,NULL,NULL,NULL),(2,1785,'03181522508650001',NULL,NULL,NULL,NULL);
/*!40000 ALTER TABLE `PRH_TEMP_LIVE_MAN` ENABLE KEYS */;
UNLOCK TABLES;

--
-- Table structure for table `PROFILE`
--

DROP TABLE IF EXISTS `PROFILE`;
/*!40101 SET @saved_cs_client     = @@character_set_client */;
/*!40101 SET character_set_client = utf8 */;
CREATE TABLE `PROFILE` (
  `GUESTNO` varchar(100) NOT NULL,
  `CLASS` char(1) DEFAULT 'G',
  `STA` char(1) DEFAULT 'I',
  `SNO` varchar(25) DEFAULT '',
  `CNO` varchar(20) DEFAULT '',
  `NAME` varchar(50) DEFAULT NULL,
  `FNAME` varchar(30) DEFAULT '',
  `LNAME` varchar(30) DEFAULT '',
  `NAME2` varchar(50) DEFAULT '',
  `NAME3` varchar(50) DEFAULT '',
  `SRC` varchar(3) DEFAULT '',
  `MKT` varchar(3) DEFAULT '',
  `VIP` char(1) DEFAULT '0',
  `SEX` varchar(10) DEFAULT '1',
  `LANG` char(1) DEFAULT 'C',
  `TITLE` varchar(10) DEFAULT '',
  `BIRTH` date DEFAULT NULL,
  `RACE` char(2) DEFAULT '',
  `RELIGION` char(2) DEFAULT '',
  `EDUCATION` char(2) DEFAULT '',
  `OCCUPATION` char(2) DEFAULT '',
  `NATION` char(20) DEFAULT 'CN',
  `IDCLS` char(3) DEFAULT '',
  `IDNO` varchar(20) DEFAULT '',
  `IDEND` date DEFAULT NULL,
  `VISAID` char(1) DEFAULT NULL,
  `VISAEND` date DEFAULT NULL,
  `VISANO` varchar(20) DEFAULT NULL,
  `VISAUNIT` char(4) DEFAULT NULL,
  `RJPLACE` char(3) DEFAULT NULL,
  `RJDATE` date DEFAULT NULL,
  `CUSNO` varchar(30) DEFAULT '',
  `COMPANY` varchar(60) DEFAULT '',
  `SALEID` varchar(10) DEFAULT '',
  `LIASON` varchar(20) DEFAULT '',
  `LIASON1` varchar(30) DEFAULT '',
  `COUNTRY` char(3) DEFAULT 'CN',
  `STATE` char(3) DEFAULT '',
  `CITY` char(6) DEFAULT '',
  `STREET` varchar(200) DEFAULT '',
  `ZIP` varchar(6) DEFAULT '',
  `MOBILE` varchar(20) DEFAULT '',
  `PHONE` varchar(20) DEFAULT '',
  `FAX` varchar(20) DEFAULT '',
  `WETSITE` varchar(30) DEFAULT '',
  `EMAIL` varchar(30) DEFAULT '',
  `COUNTRY1` char(3) DEFAULT 'CN',
  `STATE1` char(3) DEFAULT '',
  `CITY1` char(6) DEFAULT '',
  `STREET1` varchar(50) DEFAULT '',
  `ZIP1` varchar(6) DEFAULT '',
  `MOBILE1` varchar(20) DEFAULT '',
  `PHONE1` varchar(20) DEFAULT '',
  `FAX1` varchar(20) DEFAULT '',
  `EMAIL1` varchar(30) DEFAULT '',
  `BANK` varchar(3) DEFAULT NULL,
  `BANKNO` varchar(20) DEFAULT NULL,
  `REFER` varchar(100) DEFAULT NULL,
  `FANCY1` varchar(100) DEFAULT NULL,
  `FANCY2` varchar(100) DEFAULT NULL,
  `FANCY3` varchar(100) DEFAULT NULL,
  `REMARK` varchar(200) DEFAULT NULL,
  `CLASS1` varchar(3) DEFAULT '0',
  `CLASS2` varchar(3) DEFAULT '0',
  `CLASS3` varchar(3) DEFAULT '0',
  `CODE1` varchar(10) DEFAULT NULL,
  `CODE2` varchar(10) DEFAULT NULL,
  `CODE3` varchar(10) DEFAULT NULL,
  `CRTID` varchar(10) DEFAULT NULL,
  `CRTDATE` date DEFAULT NULL,
  `LOGID` varchar(10) DEFAULT NULL,
  `LOGDATE` date DEFAULT NULL,
  `LOGMARK` int(8) DEFAULT '0',
  `ORGID` varchar(3) DEFAULT '000',
  `LOGUPDATE` date DEFAULT NULL,
  `ESTATE_ID` int(8) DEFAULT NULL,
  PRIMARY KEY (`GUESTNO`)
) ENGINE=InnoDB DEFAULT CHARSET=utf8;
/*!40101 SET character_set_client = @saved_cs_client */;

--
-- Dumping data for table `PROFILE`
--

LOCK TABLES `PROFILE` WRITE;
/*!40000 ALTER TABLE `PROFILE` DISABLE KEYS */;
INSERT INTO `PROFILE` VALUES ('0314091736260000','C','I',NULL,NULL,NULL,NULL,NULL,NULL,NULL,NULL,NULL,NULL,NULL,NULL,NULL,NULL,NULL,NULL,NULL,NULL,NULL,NULL,NULL,NULL,NULL,NULL,NULL,NULL,NULL,NULL,NULL,'Ameta Co.ltd',NULL,'Jerry Lee','333',NULL,NULL,NULL,NULL,NULL,NULL,'9054151234',NULL,NULL,NULL,NULL,NULL,NULL,NULL,NULL,NULL,NULL,NULL,NULL,NULL,NULL,NULL,NULL,NULL,NULL,'',NULL,NULL,NULL,NULL,NULL,NULL,NULL,NULL,NULL,NULL,NULL,NULL,NULL,12),('03140920343550001','G','I',NULL,NULL,'李大姐',NULL,NULL,NULL,NULL,NULL,NULL,NULL,'0',NULL,NULL,NULL,NULL,NULL,NULL,NULL,'','1','421126299312218116',NULL,NULL,NULL,NULL,NULL,NULL,NULL,NULL,NULL,NULL,NULL,NULL,NULL,NULL,NULL,'地址',NULL,'12345678912',NULL,NULL,NULL,'',NULL,NULL,NULL,NULL,NULL,NULL,NULL,NULL,NULL,NULL,NULL,NULL,NULL,NULL,NULL,NULL,NULL,NULL,NULL,NULL,NULL,NULL,NULL,NULL,NULL,NULL,NULL,NULL,NULL,NULL),('03140921132370002','G','I',NULL,NULL,'李大爹',NULL,NULL,NULL,NULL,NULL,NULL,NULL,'1',NULL,NULL,NULL,NULL,NULL,NULL,NULL,'','1','421126299312218116',NULL,NULL,NULL,NULL,NULL,NULL,NULL,NULL,NULL,NULL,NULL,NULL,NULL,NULL,NULL,'地址',NULL,'12332112345',NULL,NULL,NULL,'',NULL,NULL,NULL,NULL,NULL,NULL,NULL,NULL,NULL,NULL,NULL,NULL,NULL,NULL,NULL,NULL,NULL,NULL,NULL,NULL,NULL,NULL,NULL,NULL,NULL,NULL,NULL,NULL,NULL,NULL),('03141046004720000','G','I',NULL,NULL,'网关',NULL,NULL,NULL,NULL,NULL,NULL,NULL,'1',NULL,NULL,NULL,NULL,NULL,NULL,NULL,'','1','123432199909092321',NULL,NULL,NULL,NULL,NULL,NULL,NULL,NULL,NULL,NULL,NULL,NULL,NULL,NULL,NULL,'Zhenxing road,longbei village,A02,3rd floor,zhenxing buliding',NULL,'13128550758',NULL,NULL,NULL,'',NULL,NULL,NULL,NULL,NULL,NULL,NULL,NULL,NULL,NULL,NULL,NULL,NULL,NULL,NULL,NULL,NULL,NULL,NULL,NULL,NULL,NULL,NULL,NULL,NULL,NULL,NULL,NULL,NULL,NULL),('03141139527620000','G','I',NULL,NULL,'bbb',NULL,NULL,NULL,NULL,NULL,NULL,NULL,'1',NULL,NULL,NULL,NULL,NULL,NULL,NULL,'','1','421126199312238114',NULL,NULL,NULL,NULL,NULL,NULL,NULL,NULL,NULL,NULL,NULL,NULL,NULL,NULL,NULL,'bbb',NULL,'12333332222',NULL,NULL,NULL,'',NULL,NULL,NULL,NULL,NULL,NULL,NULL,NULL,NULL,NULL,NULL,NULL,NULL,NULL,NULL,NULL,NULL,NULL,NULL,NULL,NULL,NULL,NULL,NULL,NULL,NULL,NULL,NULL,NULL,NULL),('03181522508650001','G','I',NULL,NULL,'张三',NULL,NULL,NULL,NULL,NULL,NULL,NULL,'1',NULL,NULL,NULL,NULL,NULL,NULL,NULL,'','1','420381199203187914',NULL,NULL,NULL,NULL,NULL,NULL,NULL,NULL,NULL,NULL,NULL,NULL,NULL,NULL,NULL,'32332',NULL,'',NULL,NULL,NULL,'',NULL,NULL,NULL,NULL,NULL,NULL,NULL,NULL,NULL,NULL,NULL,NULL,NULL,NULL,NULL,NULL,NULL,NULL,NULL,NULL,NULL,NULL,NULL,NULL,NULL,NULL,NULL,NULL,NULL,NULL),('5a1768ca-4b88-4d0b-ae58-df52fe7d9048','G','I',NULL,NULL,'ccc',NULL,NULL,NULL,NULL,NULL,NULL,NULL,'1',NULL,NULL,NULL,NULL,NULL,NULL,NULL,'','1','421126199232218113',NULL,NULL,NULL,NULL,NULL,NULL,NULL,NULL,NULL,NULL,NULL,NULL,NULL,NULL,NULL,'ccc',NULL,'12342342345',NULL,NULL,NULL,'',NULL,NULL,NULL,NULL,NULL,NULL,NULL,NULL,NULL,NULL,NULL,NULL,NULL,NULL,NULL,NULL,NULL,NULL,NULL,NULL,NULL,NULL,NULL,NULL,NULL,NULL,NULL,NULL,NULL,NULL),('8f25b8bd-aec5-437d-94c3-107874137f3d','G','I',NULL,NULL,'ccc',NULL,NULL,NULL,NULL,NULL,NULL,NULL,'1',NULL,NULL,NULL,NULL,NULL,NULL,NULL,'','1','421126199232218114',NULL,NULL,NULL,NULL,NULL,NULL,NULL,NULL,NULL,NULL,NULL,NULL,NULL,NULL,NULL,'ccc',NULL,'12323234554',NULL,NULL,NULL,'',NULL,NULL,NULL,NULL,NULL,NULL,NULL,NULL,NULL,NULL,NULL,NULL,NULL,NULL,NULL,NULL,NULL,NULL,NULL,NULL,NULL,NULL,NULL,NULL,NULL,NULL,NULL,NULL,NULL,NULL),('af3ca1ff-0cb1-4e6a-86b9-079be7758f25','G','I',NULL,NULL,'李大哥',NULL,NULL,NULL,NULL,NULL,NULL,NULL,'1',NULL,NULL,NULL,NULL,NULL,NULL,NULL,'','1','421126194512218114',NULL,NULL,NULL,NULL,NULL,NULL,NULL,NULL,NULL,NULL,NULL,NULL,NULL,NULL,NULL,'地址',NULL,'18845644565',NULL,NULL,NULL,'',NULL,NULL,NULL,NULL,NULL,NULL,NULL,NULL,NULL,NULL,NULL,NULL,NULL,NULL,NULL,NULL,NULL,NULL,NULL,NULL,NULL,NULL,NULL,NULL,NULL,NULL,NULL,NULL,NULL,NULL),('afe10843-d659-4483-873a-b5f6c6c57c15','G','I',NULL,NULL,'张三',NULL,NULL,NULL,NULL,NULL,NULL,NULL,'1',NULL,NULL,NULL,NULL,NULL,NULL,NULL,'','1','123432198809092321',NULL,NULL,NULL,NULL,NULL,NULL,NULL,NULL,NULL,NULL,NULL,NULL,NULL,NULL,NULL,'Zhenxing road,longbei village,A02,3rd floor,zhenxing buliding',NULL,'13128770758',NULL,NULL,NULL,'',NULL,NULL,NULL,NULL,NULL,NULL,NULL,NULL,NULL,NULL,NULL,NULL,NULL,NULL,NULL,NULL,NULL,NULL,NULL,NULL,NULL,NULL,NULL,NULL,NULL,NULL,NULL,NULL,NULL,NULL),('bcc72aca-2b00-4f86-b7d3-a32f44f1b0ef','G','I',NULL,NULL,'ccc',NULL,NULL,NULL,NULL,NULL,NULL,NULL,'1',NULL,NULL,NULL,NULL,NULL,NULL,NULL,'','1','421152199312218116',NULL,NULL,NULL,NULL,NULL,NULL,NULL,NULL,NULL,NULL,NULL,NULL,NULL,NULL,NULL,'dsadf',NULL,'12323234343',NULL,NULL,NULL,'',NULL,NULL,NULL,NULL,NULL,NULL,NULL,NULL,NULL,NULL,NULL,NULL,NULL,NULL,NULL,NULL,NULL,NULL,NULL,NULL,NULL,NULL,NULL,NULL,NULL,NULL,NULL,NULL,NULL,NULL),('e0542fe4-ac6a-424f-bb4e-c1418db67a4f','G','I',NULL,NULL,'Jerry Lee',NULL,NULL,NULL,NULL,NULL,NULL,NULL,'1',NULL,NULL,NULL,NULL,NULL,NULL,NULL,'','1','421124299312218116',NULL,NULL,NULL,NULL,NULL,NULL,NULL,NULL,NULL,NULL,NULL,NULL,NULL,NULL,NULL,'80 Shield Court',NULL,'19054151234',NULL,NULL,NULL,'jerry@ametagroup.com',NULL,NULL,NULL,NULL,NULL,NULL,NULL,NULL,NULL,NULL,NULL,NULL,NULL,NULL,NULL,NULL,NULL,NULL,NULL,NULL,NULL,NULL,NULL,NULL,NULL,NULL,NULL,NULL,NULL,NULL);
/*!40000 ALTER TABLE `PROFILE` ENABLE KEYS */;
UNLOCK TABLES;

--
-- Table structure for table `PR_HOUSE`
--

DROP TABLE IF EXISTS `PR_HOUSE`;
/*!40101 SET @saved_cs_client     = @@character_set_client */;
/*!40101 SET character_set_client = utf8 */;
CREATE TABLE `PR_HOUSE` (
  `ID` int(11) NOT NULL AUTO_INCREMENT,
  `NO` varchar(50) DEFAULT NULL,
  `ESTATE_ID` int(11) DEFAULT NULL,
  `BUILDING_NO_ID` varchar(50) DEFAULT NULL,
  `ROOM_NO` varchar(50) DEFAULT NULL,
  `ROOM_NO_ID` int(11) DEFAULT NULL,
  `BUILDING_FLOOR_ID` int(11) DEFAULT NULL,
  `ROOM_TYPE_ID` int(11) DEFAULT NULL,
  `AREA` decimal(8,2) DEFAULT NULL,
  `ROOM_NUM` int(11) DEFAULT NULL,
  `PRICE` decimal(8,2) DEFAULT NULL,
  `MONTH_PRICE` decimal(8,2) DEFAULT NULL,
  `BACK_PRICE` int(8) DEFAULT NULL,
  `CHEAP_PRICE` decimal(8,3) DEFAULT NULL,
  `STATE` tinyint(4) DEFAULT NULL,
  `REMARK` varchar(100) DEFAULT NULL,
  `MASTER_ID` int(11) DEFAULT NULL,
  `HOUSE_CODE` varchar(10) DEFAULT NULL,
  `RENTMOD` decimal(8,2) DEFAULT NULL,
  `MODDATE` datetime DEFAULT NULL,
  `DECDATE` datetime DEFAULT NULL,
  `DECMAN` varchar(50) DEFAULT NULL,
  `REASON` varchar(100) DEFAULT NULL,
  `CREATEUSER` varchar(30) DEFAULT NULL,
  `CREATETIME` datetime DEFAULT NULL,
  `UPDATEUSER` varchar(30) DEFAULT NULL,
  `UPDATETIME` datetime DEFAULT NULL,
  `ORIGINSTATE` tinyint(4) DEFAULT NULL,
  `IS_TUI` varchar(2) DEFAULT NULL,
  `ASSOCIATEDLOCK` varchar(60) DEFAULT NULL,
  PRIMARY KEY (`ID`),
  KEY `FK_PR_HOUSE` (`ROOM_TYPE_ID`),
  KEY `FK_PR_HOUSE1` (`ESTATE_ID`),
  KEY `FK_PR_HOUSE2` (`BUILDING_NO_ID`),
  KEY `FK_PR_HOUSE3` (`BUILDING_FLOOR_ID`),
  CONSTRAINT `FK_PR_HOUSE3` FOREIGN KEY (`BUILDING_FLOOR_ID`) REFERENCES `BUILDING_FLOOR` (`ID`),
  CONSTRAINT `FK_PR_HOUSE` FOREIGN KEY (`ROOM_TYPE_ID`) REFERENCES `ROOM_TYPE` (`ID`),
  CONSTRAINT `FK_PR_HOUSE1` FOREIGN KEY (`ESTATE_ID`) REFERENCES `ESTATE` (`ID`),
  CONSTRAINT `FK_PR_HOUSE2` FOREIGN KEY (`BUILDING_NO_ID`) REFERENCES `BUILDING_NO` (`ID`)
) ENGINE=InnoDB AUTO_INCREMENT=14356 DEFAULT CHARSET=utf8;
/*!40101 SET character_set_client = @saved_cs_client */;

--
-- Dumping data for table `PR_HOUSE`
--

LOCK TABLES `PR_HOUSE` WRITE;
/*!40000 ALTER TABLE `PR_HOUSE` DISABLE KEYS */;
INSERT INTO `PR_HOUSE` VALUES (1,'12-1-1-101',12,'12-1-1','101',1,1,664,120.00,2,NULL,3000.00,1,NULL,8,'',1784,'0000000001',NULL,NULL,NULL,NULL,NULL,NULL,NULL,'1','2019-03-14 00:00:00',5,NULL,''),(2,'13-1-1-101',13,'13-1-1','101',1,1,664,78.00,2,NULL,2000.00,1,NULL,5,'',1786,'0000000002',NULL,NULL,NULL,NULL,NULL,NULL,NULL,'1','2019-03-19 00:00:00',NULL,NULL,'iRemote2005100002115'),(3,'12-1-1-102',12,'12-1-1','102',2,1,664,120.00,2,NULL,3000.00,2,NULL,5,'',1785,'0000000003',NULL,NULL,NULL,NULL,NULL,NULL,NULL,'1','2019-03-19 00:00:00',NULL,NULL,'iRemote2005100002169'),(4,'12-1-1-103',12,'12-1-1','103',3,1,664,120.00,2,NULL,3000.00,12,NULL,5,'',1789,'0000000004',NULL,NULL,NULL,NULL,NULL,NULL,NULL,'1','2019-03-14 00:00:00',NULL,NULL,'');
/*!40000 ALTER TABLE `PR_HOUSE` ENABLE KEYS */;
UNLOCK TABLES;

--
-- Table structure for table `RENT_MENU`
--

DROP TABLE IF EXISTS `RENT_MENU`;
/*!40101 SET @saved_cs_client     = @@character_set_client */;
/*!40101 SET character_set_client = utf8 */;
CREATE TABLE `RENT_MENU` (
  `ID` varchar(64) NOT NULL,
  `PARENT_ID` varchar(64) NOT NULL,
  `PARENT_IDS` text NOT NULL,
  `NAME` varchar(100) NOT NULL,
  `SORT` int(11) NOT NULL,
  `HREF` text,
  `TARGET` varchar(20) DEFAULT NULL,
  `ICON` varchar(100) DEFAULT NULL,
  `IS_SHOW` varchar(1) NOT NULL,
  `PERMISSION` varchar(200) DEFAULT NULL,
  `CREATE_BY` varchar(64) NOT NULL,
  `CREATE_DATE` datetime NOT NULL,
  `UPDATE_BY` varchar(64) NOT NULL,
  `UPDATE_DATE` datetime NOT NULL,
  `REMARKS` varchar(255) DEFAULT NULL,
  `DEL_FLAG` varchar(1) NOT NULL DEFAULT '0',
  PRIMARY KEY (`ID`)
) ENGINE=InnoDB DEFAULT CHARSET=utf8;
/*!40101 SET character_set_client = @saved_cs_client */;

--
-- Dumping data for table `RENT_MENU`
--

LOCK TABLES `RENT_MENU` WRITE;
/*!40000 ALTER TABLE `RENT_MENU` DISABLE KEYS */;
INSERT INTO `RENT_MENU` VALUES ('1','0','0,1,','台账',-1,NULL,NULL,NULL,'1',NULL,'1','2017-06-04 08:43:54','1','2017-06-04 08:43:54',NULL,'0'),('100','64','0,14,333,64,','第三方维修',1,'/sys/repaire/submit',NULL,NULL,'1',NULL,'1','2017-05-07 16:22:02','1','2017-05-07 16:22:02',NULL,'0'),('101','0','0.','报表统计',35,NULL,NULL,NULL,'1',NULL,'1','2017-06-04 08:43:54','1','2017-06-04 08:43:54',NULL,'0'),('102','101','0.101','日报表',1,'/../dayReport.do',NULL,NULL,'1',NULL,'1','2017-06-04 08:43:54','1','2017-06-04 08:43:54',NULL,'0'),('103','101','0.101','月报表',2,'/../monthReport.do',NULL,NULL,'1',NULL,'1','2017-06-04 08:43:54','1','2017-06-04 08:43:54',NULL,'0'),('104','101','0.101','租户统计',3,'/../renterReport.do',NULL,NULL,'1',NULL,'1','2017-06-04 08:43:54','1','2017-06-04 08:43:54',NULL,'0'),('105','2','0,3','门锁管理',67,'/../lockManage.do',NULL,NULL,'1',NULL,'1','2017-06-01 15:52:12','1','2017-06-01 15:52:12',NULL,'0'),('11','8','0,8','报修登记',11,'/sys/rent/list/',NULL,NULL,'1',NULL,'1','2017-05-07 06:45:22','1','2017-05-07 06:45:22',NULL,'0'),('12','8','0,8,','现场查验',12,'/sys/repaire/check',NULL,NULL,'1',NULL,'1','2017-05-07 06:45:22','1','2017-05-07 06:45:22',NULL,'0'),('13','8','0,8,','报修管理',13,'/sys/repaire/manage',NULL,NULL,'1',NULL,'1','2017-05-07 06:45:22','1','2017-05-07 06:45:22',NULL,'0'),('15','3','0,1,','入住受理',15,'/../prHouseDrawing',NULL,NULL,'1',NULL,'1','2017-05-09 08:43:54','1','2017-05-09 08:43:54',NULL,'0'),('16','5','0,5,','单位档案',16,'/../prUtilFile',NULL,NULL,'1',NULL,'1','2017-05-10 09:49:54','1','2017-05-10 09:49:54',NULL,'0'),('17','5','0.5','房源档案',17,'/../prHouseFileByCondition',NULL,NULL,'1',NULL,'1','2017-05-11 09:02:22','1','2017-05-11 09:03:22',NULL,'0'),('18','5','0,5','租户档案',18,'/../prMasterFile',NULL,NULL,'1',NULL,'1','2017-05-07 06:45:22','1','2017-05-07 06:45:22',NULL,'0'),('2','0','0,','房源管理',2,NULL,NULL,NULL,'1',NULL,'1','2017-05-07 06:45:22','1','2017-05-07 06:45:22',NULL,'0'),('3','0','0,','租户管理',3,NULL,NULL,NULL,'1',NULL,'1','2017-05-07 06:45:22','1','2017-05-07 06:45:22',NULL,'0'),('32','2','0.2.','房源信息',32,'/../findPrHouseByEstatePaged.do',NULL,NULL,'1',NULL,'1','2017-05-17 14:13:11','1','2017-05-17 14:13:11',NULL,'0'),('33','6','0.6.','退租/验房',33,'/../findMasterByCondition.do',NULL,NULL,'1',NULL,'1','2017-05-18 13:49:40','1','2017-05-18 13:49:40',NULL,'0'),('34','0','0,','财务收费',34,NULL,NULL,NULL,'1',NULL,'1','2017-05-19 18:11:54','1','2017-05-19 18:11:54',NULL,'0'),('35','34','0,34,','日常合同扣租',35,'/../dailyContractRental',NULL,NULL,'1',NULL,'1','2017-05-19 18:11:54','1','2017-05-19 18:11:54',NULL,'0'),('36','34','0,34,','租金核算',36,'/../rentAccounting',NULL,NULL,'1',NULL,'1','2017-05-19 18:11:54','1','2017-05-19 18:11:54',NULL,'0'),('37','34','0,34,','退租结算清帐',37,'/../leaseSettlementClearing',NULL,NULL,'1',NULL,'1','2017-05-19 18:11:54','1','2017-05-19 18:11:54',NULL,'0'),('38','34','0,34,','租金调整审核',38,'/../rentAdjustmentAudit',NULL,NULL,'1',NULL,'1','2017-05-19 18:11:54','1','2017-05-19 18:11:54',NULL,'0'),('5','0','0,','档案管理',5,NULL,NULL,NULL,'1',NULL,'1','2017-05-07 06:45:22','1','2017-05-07 06:45:22',NULL,'0'),('6','0','0,','解约退租管理',6,NULL,NULL,NULL,'1',NULL,'1','2017-05-07 06:45:22','1','2017-05-07 06:45:22',NULL,'0'),('62','3','0.3.','业务记录管理',62,'/../findCheckInRecord.do',NULL,NULL,'1',NULL,'1','2017-05-21 11:43:37','1','2017-05-21 11:43:37',NULL,'0'),('63','3','0.3.','续租管理',63,'/../findReletPaged.do',NULL,NULL,'1',NULL,'1','2017-05-21 11:43:43','1','2017-05-21 11:43:43',NULL,'0'),('64','333','0,14','第三方维修',1,'/sys/repaire/submit',NULL,NULL,'1',NULL,'1','2017-05-07 16:22:02','1','2017-05-07 16:22:02',NULL,'0'),('66','1','0,65,','台账',66,'/../ledger',NULL,NULL,'1',NULL,'1','2017-06-04 08:43:54','1','2017-06-04 08:43:54',NULL,'0'),('8','0','0,','报修管理',8,NULL,NULL,NULL,'1',NULL,'1','2017-05-07 06:45:22','1','2017-05-07 06:45:22',NULL,'0'),('81','3','0.3.','门锁用户管理',81,'/../findCode.do',NULL,NULL,'1',NULL,'1','2017-06-01 15:52:12','1','2017-06-01 15:52:12',NULL,'0');
/*!40000 ALTER TABLE `RENT_MENU` ENABLE KEYS */;
UNLOCK TABLES;

--
-- Table structure for table `RENT_PAY_WAY`
--

DROP TABLE IF EXISTS `RENT_PAY_WAY`;
/*!40101 SET @saved_cs_client     = @@character_set_client */;
/*!40101 SET character_set_client = utf8 */;
CREATE TABLE `RENT_PAY_WAY` (
  `ID` int(11) NOT NULL AUTO_INCREMENT,
  `NAME` varchar(50) DEFAULT NULL,
  `DEPOSIT_PAY` int(11) DEFAULT NULL,
  `RENT_PAY` int(11) DEFAULT NULL,
  `MODE` varchar(50) DEFAULT NULL,
  `DAY_OR_MONTH` int(11) DEFAULT NULL,
  `DESCRIPT1` varchar(100) DEFAULT NULL,
  `DESCRIPT2` varchar(100) DEFAULT NULL,
  `DESCRIPT3` varchar(100) DEFAULT NULL,
  PRIMARY KEY (`ID`)
) ENGINE=InnoDB AUTO_INCREMENT=228 DEFAULT CHARSET=utf8;
/*!40101 SET character_set_client = @saved_cs_client */;

--
-- Dumping data for table `RENT_PAY_WAY`
--

LOCK TABLES `RENT_PAY_WAY` WRITE;
/*!40000 ALTER TABLE `RENT_PAY_WAY` DISABLE KEYS */;
INSERT INTO `RENT_PAY_WAY` VALUES (223,'押二付一',2,1,'普通',1,'',NULL,NULL),(226,'押一付一',1,1,'普通',1,'',NULL,NULL),(227,'无押半年付',0,6,'普通',1,'',NULL,NULL);
/*!40000 ALTER TABLE `RENT_PAY_WAY` ENABLE KEYS */;
UNLOCK TABLES;

--
-- Table structure for table `REPAIRE`
--

DROP TABLE IF EXISTS `REPAIRE`;
/*!40101 SET @saved_cs_client     = @@character_set_client */;
/*!40101 SET character_set_client = utf8 */;
CREATE TABLE `REPAIRE` (
  `ID` varchar(64) NOT NULL,
  `ADDRESS` text,
  `ROOM_NUM` varchar(10) DEFAULT NULL,
  `ROOM_TYPE` varchar(100) DEFAULT NULL,
  `ROOM_SIZE` varchar(45) DEFAULT NULL,
  `REPAIRER` varchar(45) DEFAULT NULL,
  `REPAIRER_PHONE` varchar(45) DEFAULT NULL,
  `REPAIRER_TIME` datetime DEFAULT NULL,
  `REPAIRE_TYPE` varchar(45) DEFAULT NULL,
  `COMMENTS` text,
  `APPROVAL_STATUS` varchar(45) DEFAULT NULL,
  `STATUS` varchar(45) DEFAULT NULL,
  `ISDELETE` varchar(5) DEFAULT 'false',
  `FLOOR` varchar(5) DEFAULT NULL,
  `CHECKER` varchar(45) DEFAULT NULL,
  `WORK` varchar(45) DEFAULT NULL,
  `EQUIPMENT` varchar(45) DEFAULT NULL,
  `IMAGE` text,
  `PAYMENT` varchar(10) DEFAULT NULL,
  `START_TIME` datetime DEFAULT NULL,
  `END_TIME` datetime DEFAULT NULL,
  `APPLIER` varchar(45) DEFAULT NULL,
  `THIRD_COM` varchar(100) DEFAULT NULL,
  `VALIDATE_TIME` datetime DEFAULT NULL,
  `MASTERID` int(11) DEFAULT NULL,
  `HOUSEID` int(11) DEFAULT NULL,
  PRIMARY KEY (`ID`)
) ENGINE=InnoDB DEFAULT CHARSET=utf8;
/*!40101 SET character_set_client = @saved_cs_client */;

--
-- Dumping data for table `REPAIRE`
--

LOCK TABLES `REPAIRE` WRITE;
/*!40000 ALTER TABLE `REPAIRE` DISABLE KEYS */;
INSERT INTO `REPAIRE` VALUES ('0a77265dd43b48b084f1cf33ff6c99cd',NULL,NULL,NULL,NULL,NULL,'15815184565','2019-03-14 00:00:00','正常维修','门坏了',NULL,'合格','false','1',NULL,NULL,NULL,NULL,'0','2019-03-14 08:00:00','2019-03-14 09:34:37',NULL,'2','2019-03-14 00:00:00',0,3),('0e700314b76d4599ae661012dc9aea3b',NULL,NULL,NULL,NULL,'李大哥','18845644565','2019-03-20 00:00:00','正常维修','你大爷的门被脑袋撞坏了',NULL,'已登记','false','1',NULL,NULL,NULL,NULL,NULL,NULL,NULL,NULL,NULL,NULL,1784,1);
/*!40000 ALTER TABLE `REPAIRE` ENABLE KEYS */;
UNLOCK TABLES;

--
-- Table structure for table `REPAIRE_PAYMENT`
--

DROP TABLE IF EXISTS `REPAIRE_PAYMENT`;
/*!40101 SET @saved_cs_client     = @@character_set_client */;
/*!40101 SET character_set_client = utf8 */;
CREATE TABLE `REPAIRE_PAYMENT` (
  `ID` varchar(50) NOT NULL,
  `PROJECT` varchar(20) DEFAULT NULL,
  `COUNT` decimal(8,2) DEFAULT NULL,
  `PRICE` varchar(10) DEFAULT NULL,
  `REPAIREID` varchar(50) DEFAULT NULL,
  PRIMARY KEY (`ID`)
) ENGINE=InnoDB DEFAULT CHARSET=utf8;
/*!40101 SET character_set_client = @saved_cs_client */;

--
-- Dumping data for table `REPAIRE_PAYMENT`
--

LOCK TABLES `REPAIRE_PAYMENT` WRITE;
/*!40000 ALTER TABLE `REPAIRE_PAYMENT` DISABLE KEYS */;
/*!40000 ALTER TABLE `REPAIRE_PAYMENT` ENABLE KEYS */;
UNLOCK TABLES;

--
-- Table structure for table `RMDEV_TEMP`
--

DROP TABLE IF EXISTS `RMDEV_TEMP`;
/*!40101 SET @saved_cs_client     = @@character_set_client */;
/*!40101 SET character_set_client = utf8 */;
CREATE TABLE `RMDEV_TEMP` (
  `ID` double NOT NULL AUTO_INCREMENT,
  `ROOMTYPE` varchar(50) DEFAULT NULL,
  `CLA` varchar(30) DEFAULT NULL,
  `EQID` double DEFAULT NULL,
  `NUM` double DEFAULT NULL,
  PRIMARY KEY (`ID`)
) ENGINE=InnoDB AUTO_INCREMENT=5 DEFAULT CHARSET=utf8;
/*!40101 SET character_set_client = @saved_cs_client */;

--
-- Dumping data for table `RMDEV_TEMP`
--

LOCK TABLES `RMDEV_TEMP` WRITE;
/*!40000 ALTER TABLE `RMDEV_TEMP` DISABLE KEYS */;
INSERT INTO `RMDEV_TEMP` VALUES (1,'664','2',63,1),(2,'664','1',64,1),(3,'664','2',66,1);
/*!40000 ALTER TABLE `RMDEV_TEMP` ENABLE KEYS */;
UNLOCK TABLES;

--
-- Table structure for table `ROLE`
--

DROP TABLE IF EXISTS `ROLE`;
/*!40101 SET @saved_cs_client     = @@character_set_client */;
/*!40101 SET character_set_client = utf8 */;
CREATE TABLE `ROLE` (
  `ID` int(11) NOT NULL AUTO_INCREMENT COMMENT 'id',
  `NAME` varchar(30) DEFAULT NULL COMMENT '角色名',
  `MODULES` text COMMENT '模块集合字符串',
  `CREATEUSER` varchar(30) DEFAULT NULL,
  `CREATETIME` datetime DEFAULT NULL,
  `UPDATEUSER` varchar(30) DEFAULT NULL,
  `UPDATETIME` datetime DEFAULT NULL,
  PRIMARY KEY (`ID`)
) ENGINE=InnoDB AUTO_INCREMENT=11 DEFAULT CHARSET=utf8;
/*!40101 SET character_set_client = @saved_cs_client */;

--
-- Dumping data for table `ROLE`
--

LOCK TABLES `ROLE` WRITE;
/*!40000 ALTER TABLE `ROLE` DISABLE KEYS */;
INSERT INTO `ROLE` VALUES (1,'管理员',NULL,NULL,NULL,NULL,NULL),(8,'第三方维修','62-63-64-61',NULL,NULL,NULL,NULL),(9,'财务','78-79-80-29-46-107-31-48-32-49-50-30-47-77-6',NULL,NULL,NULL,NULL),(10,'保洁','12-76-3',NULL,NULL,NULL,NULL);
/*!40000 ALTER TABLE `ROLE` ENABLE KEYS */;
UNLOCK TABLES;

--
-- Table structure for table `ROOM_TYPE`
--

DROP TABLE IF EXISTS `ROOM_TYPE`;
/*!40101 SET @saved_cs_client     = @@character_set_client */;
/*!40101 SET character_set_client = utf8 */;
CREATE TABLE `ROOM_TYPE` (
  `ID` int(11) NOT NULL AUTO_INCREMENT,
  `NO` varchar(50) DEFAULT NULL,
  `NAME` varchar(50) NOT NULL,
  `DESCRIPT` varchar(50) DEFAULT NULL,
  `REMARK` varchar(50) DEFAULT NULL,
  `NOW_DATE` datetime DEFAULT NULL,
  PRIMARY KEY (`ID`)
) ENGINE=InnoDB AUTO_INCREMENT=668 DEFAULT CHARSET=utf8;
/*!40101 SET character_set_client = @saved_cs_client */;

--
-- Dumping data for table `ROOM_TYPE`
--

LOCK TABLES `ROOM_TYPE` WRITE;
/*!40000 ALTER TABLE `ROOM_TYPE` DISABLE KEYS */;
INSERT INTO `ROOM_TYPE` VALUES (664,NULL,'两室一厅',NULL,'还行吧','2019-03-12 19:27:16'),(665,NULL,'三室一厅',NULL,'房间挺多','2019-03-12 19:31:35'),(666,NULL,'单间',NULL,'便宜','2019-03-13 09:15:23'),(667,NULL,'自定义房间',NULL,'','2019-03-14 09:16:25');
/*!40000 ALTER TABLE `ROOM_TYPE` ENABLE KEYS */;
UNLOCK TABLES;

--
-- Table structure for table `SUBSIDY`
--

DROP TABLE IF EXISTS `SUBSIDY`;
/*!40101 SET @saved_cs_client     = @@character_set_client */;
/*!40101 SET character_set_client = utf8 */;
CREATE TABLE `SUBSIDY` (
  `ID` int(11) NOT NULL AUTO_INCREMENT,
  `BEGIN_DATE` datetime DEFAULT NULL,
  `END_DATE` datetime DEFAULT NULL,
  `PER_ONE_AREA` int(11) DEFAULT NULL,
  `MIN_SAFE_AREA` int(11) DEFAULT NULL,
  `MAX_SAFE_AREA` int(11) DEFAULT NULL,
  `MAX_AREA` int(11) DEFAULT NULL,
  `PRICE` decimal(8,2) DEFAULT NULL,
  `IN_PERCENT_ID` int(11) DEFAULT NULL,
  `OUT_PERCENT_ID` int(11) DEFAULT NULL,
  `ESTATE_ID` int(11) DEFAULT NULL,
  `UPDATE_TIME` datetime DEFAULT NULL,
  `UPDATE_USER` int(11) DEFAULT NULL,
  PRIMARY KEY (`ID`),
  KEY `FK_SUBSIDY` (`ESTATE_ID`),
  CONSTRAINT `FK_SUBSIDY` FOREIGN KEY (`ESTATE_ID`) REFERENCES `ESTATE` (`ID`)
) ENGINE=InnoDB AUTO_INCREMENT=6 DEFAULT CHARSET=utf8;
/*!40101 SET character_set_client = @saved_cs_client */;

--
-- Dumping data for table `SUBSIDY`
--

LOCK TABLES `SUBSIDY` WRITE;
/*!40000 ALTER TABLE `SUBSIDY` DISABLE KEYS */;
INSERT INTO `SUBSIDY` VALUES (5,'2019-03-13 00:00:00','2019-03-13 00:00:00',20,5,40,100,100.00,NULL,NULL,12,NULL,NULL);
/*!40000 ALTER TABLE `SUBSIDY` ENABLE KEYS */;
UNLOCK TABLES;

--
-- Table structure for table `SUBSIDY_PERCENT`
--

DROP TABLE IF EXISTS `SUBSIDY_PERCENT`;
/*!40101 SET @saved_cs_client     = @@character_set_client */;
/*!40101 SET character_set_client = utf8 */;
CREATE TABLE `SUBSIDY_PERCENT` (
  `ID` int(11) NOT NULL AUTO_INCREMENT,
  `IN_LOW_OBJECT` decimal(8,2) DEFAULT NULL,
  `IN_LOW` decimal(8,2) DEFAULT NULL,
  `IN_MIDDLE` decimal(8,2) DEFAULT NULL,
  `OUT_LOW_OBJECT` decimal(8,2) DEFAULT NULL,
  `OUT_LOW` decimal(8,2) DEFAULT NULL,
  `OUT_MIDDLE` decimal(8,2) DEFAULT NULL,
  `UPDATE_TIME` decimal(8,2) DEFAULT NULL,
  `UPDATE_USER` decimal(8,2) DEFAULT NULL,
  PRIMARY KEY (`ID`)
) ENGINE=InnoDB DEFAULT CHARSET=utf8;
/*!40101 SET character_set_client = @saved_cs_client */;

--
-- Dumping data for table `SUBSIDY_PERCENT`
--

LOCK TABLES `SUBSIDY_PERCENT` WRITE;
/*!40000 ALTER TABLE `SUBSIDY_PERCENT` DISABLE KEYS */;
/*!40000 ALTER TABLE `SUBSIDY_PERCENT` ENABLE KEYS */;
UNLOCK TABLES;

--
-- Table structure for table `SUBSIDY_TYPE`
--

DROP TABLE IF EXISTS `SUBSIDY_TYPE`;
/*!40101 SET @saved_cs_client     = @@character_set_client */;
/*!40101 SET character_set_client = utf8 */;
CREATE TABLE `SUBSIDY_TYPE` (
  `ID` int(11) NOT NULL AUTO_INCREMENT,
  `NAME` varchar(50) DEFAULT NULL,
  PRIMARY KEY (`ID`)
) ENGINE=InnoDB AUTO_INCREMENT=124 DEFAULT CHARSET=utf8;
/*!40101 SET character_set_client = @saved_cs_client */;

--
-- Dumping data for table `SUBSIDY_TYPE`
--

LOCK TABLES `SUBSIDY_TYPE` WRITE;
/*!40000 ALTER TABLE `SUBSIDY_TYPE` DISABLE KEYS */;
INSERT INTO `SUBSIDY_TYPE` VALUES (102,'公租'),(122,'廉价');
/*!40000 ALTER TABLE `SUBSIDY_TYPE` ENABLE KEYS */;
UNLOCK TABLES;

--
-- Table structure for table `SUBSIDY_WITH_TYPE`
--

DROP TABLE IF EXISTS `SUBSIDY_WITH_TYPE`;
/*!40101 SET @saved_cs_client     = @@character_set_client */;
/*!40101 SET character_set_client = utf8 */;
CREATE TABLE `SUBSIDY_WITH_TYPE` (
  `ID` int(11) NOT NULL AUTO_INCREMENT,
  `SUBSIDY_ID` int(11) DEFAULT NULL,
  `TYPE_ID` int(11) DEFAULT NULL,
  `IN_OR_OUT` int(11) DEFAULT NULL,
  `PERCENT` decimal(8,4) DEFAULT NULL,
  PRIMARY KEY (`ID`),
  KEY `FK_SUBSIDY_WITH_TYPE` (`SUBSIDY_ID`),
  KEY `FK_SUBSIDY_WITH_TYPE1` (`TYPE_ID`),
  CONSTRAINT `FK_SUBSIDY_WITH_TYPE1` FOREIGN KEY (`TYPE_ID`) REFERENCES `SUBSIDY_TYPE` (`ID`),
  CONSTRAINT `FK_SUBSIDY_WITH_TYPE` FOREIGN KEY (`SUBSIDY_ID`) REFERENCES `SUBSIDY` (`ID`)
) ENGINE=InnoDB AUTO_INCREMENT=29 DEFAULT CHARSET=utf8;
/*!40101 SET character_set_client = @saved_cs_client */;

--
-- Dumping data for table `SUBSIDY_WITH_TYPE`
--

LOCK TABLES `SUBSIDY_WITH_TYPE` WRITE;
/*!40000 ALTER TABLE `SUBSIDY_WITH_TYPE` DISABLE KEYS */;
INSERT INTO `SUBSIDY_WITH_TYPE` VALUES (25,5,102,1,0.0500),(26,5,102,2,0.0300),(27,5,122,1,0.0500),(28,5,122,2,0.0300);
/*!40000 ALTER TABLE `SUBSIDY_WITH_TYPE` ENABLE KEYS */;
UNLOCK TABLES;

--
-- Table structure for table `USERS`
--

DROP TABLE IF EXISTS `USERS`;
/*!40101 SET @saved_cs_client     = @@character_set_client */;
/*!40101 SET character_set_client = utf8 */;
CREATE TABLE `USERS` (
  `ID` int(11) NOT NULL AUTO_INCREMENT COMMENT 'id',
  `NAME` varchar(30) DEFAULT NULL COMMENT '用户名',
  `PWD` varchar(30) DEFAULT NULL COMMENT '密码',
  `SEX` tinyint(4) DEFAULT NULL COMMENT '性别',
  `PHONE` varchar(30) DEFAULT NULL COMMENT '电话',
  `ADDRESS` varchar(30) DEFAULT NULL COMMENT '地址',
  `ESTATE_ID` int(11) DEFAULT NULL COMMENT '物业id',
  `ROLES` varchar(100) DEFAULT NULL COMMENT '角色集合字符串',
  `CREATEUSER` varchar(30) DEFAULT NULL,
  `CREATETIME` datetime DEFAULT NULL,
  `UPDATEUSER` varchar(30) DEFAULT NULL,
  `UPDATETIME` datetime DEFAULT NULL,
  `DEL` double DEFAULT NULL COMMENT '是否被删除',
  PRIMARY KEY (`ID`),
  KEY `FK_USERS` (`ESTATE_ID`),
  CONSTRAINT `FK_USERS` FOREIGN KEY (`ESTATE_ID`) REFERENCES `ESTATE` (`ID`)
) ENGINE=InnoDB AUTO_INCREMENT=4 DEFAULT CHARSET=utf8;
/*!40101 SET character_set_client = @saved_cs_client */;

--
-- Dumping data for table `USERS`
--

LOCK TABLES `USERS` WRITE;
/*!40000 ALTER TABLE `USERS` DISABLE KEYS */;
INSERT INTO `USERS` VALUES (1,'admin','49ba59abbe56e057',NULL,NULL,NULL,NULL,'1',NULL,NULL,NULL,NULL,0),(2,'repairman','49ba59abbe56e057',1,'','',NULL,'8',NULL,NULL,NULL,NULL,0),(3,'wkfinance','49ba59abbe56e057',1,'','',13,'9',NULL,NULL,NULL,NULL,0);
/*!40000 ALTER TABLE `USERS` ENABLE KEYS */;
UNLOCK TABLES;
/*!40103 SET TIME_ZONE=@OLD_TIME_ZONE */;

/*!40101 SET SQL_MODE=@OLD_SQL_MODE */;
/*!40014 SET FOREIGN_KEY_CHECKS=@OLD_FOREIGN_KEY_CHECKS */;
/*!40014 SET UNIQUE_CHECKS=@OLD_UNIQUE_CHECKS */;
/*!40101 SET CHARACTER_SET_CLIENT=@OLD_CHARACTER_SET_CLIENT */;
/*!40101 SET CHARACTER_SET_RESULTS=@OLD_CHARACTER_SET_RESULTS */;
/*!40101 SET COLLATION_CONNECTION=@OLD_COLLATION_CONNECTION */;
/*!40111 SET SQL_NOTES=@OLD_SQL_NOTES */;

-- Dump completed on 2019-03-21 14:21:01
